{
    "confidence_score": 0.8924990892410278,
    "ptm": 0.8473274111747742,
    "iptm": 0.7685116529464722,
    "ligand_iptm": 0.901185154914856,
    "protein_iptm": 0.6782088875770569,
    "complex_plddt": 0.9234959483146667,
    "complex_iplddt": 0.8678663372993469,
    "complex_pde": 0.5133306980133057,
    "complex_ipde": 1.104034185409546,
    "chains_ptm": {
        "0": 0.9885196089744568,
        "1": 0.9779340624809265,
        "2": 0.9755147099494934,
        "3": 0.0,
        "4": 0.9354142546653748
    },
    "pair_chains_iptm": {
        "0": {
            "0": 0.9885196089744568,
            "1": 0.6620150804519653,
            "2": 0.6192304491996765,
            "3": 0.0,
            "4": 0.894917905330658
        },
        "1": {
            "0": 0.6782088875770569,
            "1": 0.9779340624809265,
            "2": 0.9077979922294617,
            "3": 0.0,
            "4": 0.6141853928565979
        },
        "2": {
            "0": 0.7858643531799316,
            "1": 0.9866232872009277,
            "2": 0.9755147099494934,
            "3": 0.0,
            "4": 0.7178839445114136
        },
        "3": {
            "0": 0.801110565662384,
            "1": 0.9902640581130981,
            "2": 0.9580488801002502,
            "3": 0.0,
            "4": 0.7606416940689087
        },
        "4": {
            "0": 0.9532409310340881,
            "1": 0.8209173083305359,
            "2": 0.7831891775131226,
            "3": 0.0,
            "4": 0.9354142546653748
        }
    }
}