{
    "confidence_score": 0.8987103700637817,
    "ptm": 0.8767860531806946,
    "iptm": 0.8096470236778259,
    "ligand_iptm": 0.9158386588096619,
    "protein_iptm": 0.7430415749549866,
    "complex_plddt": 0.9209762215614319,
    "complex_iplddt": 0.8566260933876038,
    "complex_pde": 0.4752472937107086,
    "complex_ipde": 0.9604768753051758,
    "chains_ptm": {
        "0": 0.9880101680755615,
        "1": 0.9807091951370239,
        "2": 0.9762833118438721,
        "3": 0.0,
        "4": 0.9339853525161743
    },
    "pair_chains_iptm": {
        "0": {
            "0": 0.9880101680755615,
            "1": 0.7405961155891418,
            "2": 0.6658028960227966,
            "3": 0.0,
            "4": 0.8880347609519958
        },
        "1": {
            "0": 0.7430415749549866,
            "1": 0.9807091951370239,
            "2": 0.8772715926170349,
            "3": 0.0,
            "4": 0.6777662634849548
        },
        "2": {
            "0": 0.840633749961853,
            "1": 0.9873172044754028,
            "2": 0.9762833118438721,
            "3": 0.0,
            "4": 0.7782248258590698
        },
        "3": {
            "0": 0.859731137752533,
            "1": 0.99140864610672,
            "2": 0.9625139236450195,
            "3": 0.0,
            "4": 0.823717474937439
        },
        "4": {
            "0": 0.9497365355491638,
            "1": 0.8653101325035095,
            "2": 0.7953304052352905,
            "3": 0.0,
            "4": 0.9339853525161743
        }
    }
}