{
    "confidence_score": 0.9239247441291809,
    "ptm": 0.885545015335083,
    "iptm": 0.8232647180557251,
    "ligand_iptm": 0.918665885925293,
    "protein_iptm": 0.7635877728462219,
    "complex_plddt": 0.9490897059440613,
    "complex_iplddt": 0.9240905046463013,
    "complex_pde": 0.4561448097229004,
    "complex_ipde": 0.884658932685852,
    "chains_ptm": {
        "0": 0.988720178604126,
        "1": 0.9791648983955383,
        "2": 0.9739984273910522,
        "3": 0.0,
        "4": 0.9411791563034058
    },
    "pair_chains_iptm": {
        "0": {
            "0": 0.988720178604126,
            "1": 0.760021984577179,
            "2": 0.6964460611343384,
            "3": 0.0,
            "4": 0.9051071405410767
        },
        "1": {
            "0": 0.7635877728462219,
            "1": 0.9791648983955383,
            "2": 0.9039353728294373,
            "3": 0.0,
            "4": 0.7074812650680542
        },
        "2": {
            "0": 0.8377803564071655,
            "1": 0.98643958568573,
            "2": 0.9739984273910522,
            "3": 0.0,
            "4": 0.7875787615776062
        },
        "3": {
            "0": 0.8585746884346008,
            "1": 0.9909213185310364,
            "2": 0.9555791616439819,
            "3": 0.0,
            "4": 0.8282325267791748
        },
        "4": {
            "0": 0.9546329975128174,
            "1": 0.8886297941207886,
            "2": 0.8298174738883972,
            "3": 0.0,
            "4": 0.9411791563034058
        }
    }
}