{
    "confidence_score": 0.7161951661109924,
    "ptm": 0.7433784604072571,
    "iptm": 0.0,
    "ligand_iptm": 0.0,
    "protein_iptm": 0.0,
    "complex_plddt": 0.7093993425369263,
    "complex_iplddt": 0.709399402141571,
    "complex_pde": 0.5162229537963867,
    "complex_ipde": 0.0,
    "chains_ptm": {
        "0": 0.7433784604072571
    },
    "pair_chains_iptm": {
        "0": {
            "0": 0.7433784604072571
        }
    }
}