{
    "confidence_score": 0.7152635455131531,
    "ptm": 0.7304714918136597,
    "iptm": 0.0,
    "ligand_iptm": 0.0,
    "protein_iptm": 0.0,
    "complex_plddt": 0.7114615440368652,
    "complex_iplddt": 0.7114615440368652,
    "complex_pde": 0.5429701805114746,
    "complex_ipde": 0.0,
    "chains_ptm": {
        "0": 0.7304714918136597
    },
    "pair_chains_iptm": {
        "0": {
            "0": 0.7304714918136597
        }
    }
}