{
    "confidence_score": 0.7111604809761047,
    "ptm": 0.735385537147522,
    "iptm": 0.0,
    "ligand_iptm": 0.0,
    "protein_iptm": 0.0,
    "complex_plddt": 0.7051042318344116,
    "complex_iplddt": 0.7051042318344116,
    "complex_pde": 0.5323129296302795,
    "complex_ipde": 0.0,
    "chains_ptm": {
        "0": 0.735385537147522
    },
    "pair_chains_iptm": {
        "0": {
            "0": 0.735385537147522
        }
    }
}