{
    "confidence_score": 0.7178977131843567,
    "ptm": 0.7443362474441528,
    "iptm": 0.0,
    "ligand_iptm": 0.0,
    "protein_iptm": 0.0,
    "complex_plddt": 0.7112880349159241,
    "complex_iplddt": 0.7112880945205688,
    "complex_pde": 0.5058944821357727,
    "complex_ipde": 0.0,
    "chains_ptm": {
        "0": 0.7443362474441528
    },
    "pair_chains_iptm": {
        "0": {
            "0": 0.7443362474441528
        }
    }
}