{
    "confidence_score": 0.7212309241294861,
    "ptm": 0.739027202129364,
    "iptm": 0.0,
    "ligand_iptm": 0.0,
    "protein_iptm": 0.0,
    "complex_plddt": 0.7167817950248718,
    "complex_iplddt": 0.7167818546295166,
    "complex_pde": 0.5144549012184143,
    "complex_ipde": 0.0,
    "chains_ptm": {
        "0": 0.739027202129364
    },
    "pair_chains_iptm": {
        "0": {
            "0": 0.739027202129364
        }
    }
}