{
    "confidence_score": 0.717756450176239,
    "ptm": 0.7490723729133606,
    "iptm": 0.0,
    "ligand_iptm": 0.0,
    "protein_iptm": 0.0,
    "complex_plddt": 0.709927499294281,
    "complex_iplddt": 0.709927499294281,
    "complex_pde": 0.498269647359848,
    "complex_ipde": 0.0,
    "chains_ptm": {
        "0": 0.7490723729133606
    },
    "pair_chains_iptm": {
        "0": {
            "0": 0.7490723729133606
        }
    }
}