{
    "confidence_score": 0.7179155349731445,
    "ptm": 0.7464483976364136,
    "iptm": 0.0,
    "ligand_iptm": 0.0,
    "protein_iptm": 0.0,
    "complex_plddt": 0.7107822895050049,
    "complex_iplddt": 0.7107823491096497,
    "complex_pde": 0.49725642800331116,
    "complex_ipde": 0.0,
    "chains_ptm": {
        "0": 0.7464483976364136
    },
    "pair_chains_iptm": {
        "0": {
            "0": 0.7464483976364136
        }
    }
}