{
    "confidence_score": 0.7189715504646301,
    "ptm": 0.7350956797599792,
    "iptm": 0.0,
    "ligand_iptm": 0.0,
    "protein_iptm": 0.0,
    "complex_plddt": 0.7149404883384705,
    "complex_iplddt": 0.7149404883384705,
    "complex_pde": 0.5505692958831787,
    "complex_ipde": 0.0,
    "chains_ptm": {
        "0": 0.7350956797599792
    },
    "pair_chains_iptm": {
        "0": {
            "0": 0.7350956797599792
        }
    }
}