{
    "confidence_score": 0.7155165076255798,
    "ptm": 0.7416785359382629,
    "iptm": 0.0,
    "ligand_iptm": 0.0,
    "protein_iptm": 0.0,
    "complex_plddt": 0.7089760303497314,
    "complex_iplddt": 0.7089760303497314,
    "complex_pde": 0.5168693661689758,
    "complex_ipde": 0.0,
    "chains_ptm": {
        "0": 0.7416785359382629
    },
    "pair_chains_iptm": {
        "0": {
            "0": 0.7416785359382629
        }
    }
}