{
    "confidence_score": 0.717662513256073,
    "ptm": 0.7395861148834229,
    "iptm": 0.0,
    "ligand_iptm": 0.0,
    "protein_iptm": 0.0,
    "complex_plddt": 0.712181568145752,
    "complex_iplddt": 0.7121815085411072,
    "complex_pde": 0.5045628547668457,
    "complex_ipde": 0.0,
    "chains_ptm": {
        "0": 0.7395861148834229
    },
    "pair_chains_iptm": {
        "0": {
            "0": 0.7395861148834229
        }
    }
}