{
    "confidence_score": 0.7190354466438293,
    "ptm": 0.749847948551178,
    "iptm": 0.0,
    "ligand_iptm": 0.0,
    "protein_iptm": 0.0,
    "complex_plddt": 0.7113323211669922,
    "complex_iplddt": 0.7113323211669922,
    "complex_pde": 0.4922998547554016,
    "complex_ipde": 0.0,
    "chains_ptm": {
        "0": 0.749847948551178
    },
    "pair_chains_iptm": {
        "0": {
            "0": 0.749847948551178
        }
    }
}