{
    "confidence_score": 0.7155939936637878,
    "ptm": 0.7407312989234924,
    "iptm": 0.0,
    "ligand_iptm": 0.0,
    "protein_iptm": 0.0,
    "complex_plddt": 0.7093096971511841,
    "complex_iplddt": 0.7093096971511841,
    "complex_pde": 0.5229924917221069,
    "complex_ipde": 0.0,
    "chains_ptm": {
        "0": 0.7407312989234924
    },
    "pair_chains_iptm": {
        "0": {
            "0": 0.7407312989234924
        }
    }
}