{
    "confidence_score": 0.716953456401825,
    "ptm": 0.757679283618927,
    "iptm": 0.0,
    "ligand_iptm": 0.0,
    "protein_iptm": 0.0,
    "complex_plddt": 0.706771969795227,
    "complex_iplddt": 0.706771969795227,
    "complex_pde": 0.48105910420417786,
    "complex_ipde": 0.0,
    "chains_ptm": {
        "0": 0.757679283618927
    },
    "pair_chains_iptm": {
        "0": {
            "0": 0.757679283618927
        }
    }
}