{
    "confidence_score": 0.7177286744117737,
    "ptm": 0.7516489624977112,
    "iptm": 0.0,
    "ligand_iptm": 0.0,
    "protein_iptm": 0.0,
    "complex_plddt": 0.7092486023902893,
    "complex_iplddt": 0.7092484831809998,
    "complex_pde": 0.489335834980011,
    "complex_ipde": 0.0,
    "chains_ptm": {
        "0": 0.7516489624977112
    },
    "pair_chains_iptm": {
        "0": {
            "0": 0.7516489624977112
        }
    }
}