{
    "confidence_score": 0.7078105211257935,
    "ptm": 0.7357105612754822,
    "iptm": 0.0,
    "ligand_iptm": 0.0,
    "protein_iptm": 0.0,
    "complex_plddt": 0.7008354663848877,
    "complex_iplddt": 0.7008354067802429,
    "complex_pde": 0.5189226865768433,
    "complex_ipde": 0.0,
    "chains_ptm": {
        "0": 0.7357105612754822
    },
    "pair_chains_iptm": {
        "0": {
            "0": 0.7357105612754822
        }
    }
}