{
    "confidence_score": 0.7144772410392761,
    "ptm": 0.7478175163269043,
    "iptm": 0.0,
    "ligand_iptm": 0.0,
    "protein_iptm": 0.0,
    "complex_plddt": 0.7061421871185303,
    "complex_iplddt": 0.7061421275138855,
    "complex_pde": 0.5049534440040588,
    "complex_ipde": 0.0,
    "chains_ptm": {
        "0": 0.7478175163269043
    },
    "pair_chains_iptm": {
        "0": {
            "0": 0.7478175163269043
        }
    }
}