{
    "confidence_score": 0.7131490111351013,
    "ptm": 0.7448534965515137,
    "iptm": 0.0,
    "ligand_iptm": 0.0,
    "protein_iptm": 0.0,
    "complex_plddt": 0.7052228450775146,
    "complex_iplddt": 0.7052228450775146,
    "complex_pde": 0.5129612684249878,
    "complex_ipde": 0.0,
    "chains_ptm": {
        "0": 0.7448534965515137
    },
    "pair_chains_iptm": {
        "0": {
            "0": 0.7448534965515137
        }
    }
}