{
    "confidence_score": 0.7122986316680908,
    "ptm": 0.7482375502586365,
    "iptm": 0.0,
    "ligand_iptm": 0.0,
    "protein_iptm": 0.0,
    "complex_plddt": 0.7033138871192932,
    "complex_iplddt": 0.703313946723938,
    "complex_pde": 0.4885959029197693,
    "complex_ipde": 0.0,
    "chains_ptm": {
        "0": 0.7482375502586365
    },
    "pair_chains_iptm": {
        "0": {
            "0": 0.7482375502586365
        }
    }
}