{
    "confidence_score": 0.7111596465110779,
    "ptm": 0.7379259467124939,
    "iptm": 0.0,
    "ligand_iptm": 0.0,
    "protein_iptm": 0.0,
    "complex_plddt": 0.7044680714607239,
    "complex_iplddt": 0.7044681310653687,
    "complex_pde": 0.5313096046447754,
    "complex_ipde": 0.0,
    "chains_ptm": {
        "0": 0.7379259467124939
    },
    "pair_chains_iptm": {
        "0": {
            "0": 0.7379259467124939
        }
    }
}