{
    "confidence_score": 0.7148786187171936,
    "ptm": 0.7536687850952148,
    "iptm": 0.0,
    "ligand_iptm": 0.0,
    "protein_iptm": 0.0,
    "complex_plddt": 0.7051810622215271,
    "complex_iplddt": 0.7051811218261719,
    "complex_pde": 0.4909001886844635,
    "complex_ipde": 0.0,
    "chains_ptm": {
        "0": 0.7536687850952148
    },
    "pair_chains_iptm": {
        "0": {
            "0": 0.7536687850952148
        }
    }
}