{
    "confidence_score": 0.7152124643325806,
    "ptm": 0.7446781396865845,
    "iptm": 0.0,
    "ligand_iptm": 0.0,
    "protein_iptm": 0.0,
    "complex_plddt": 0.7078459858894348,
    "complex_iplddt": 0.7078460454940796,
    "complex_pde": 0.5201148390769958,
    "complex_ipde": 0.0,
    "chains_ptm": {
        "0": 0.7446781396865845
    },
    "pair_chains_iptm": {
        "0": {
            "0": 0.7446781396865845
        }
    }
}