{
    "confidence_score": 0.7152585983276367,
    "ptm": 0.7409611940383911,
    "iptm": 0.0,
    "ligand_iptm": 0.0,
    "protein_iptm": 0.0,
    "complex_plddt": 0.7088329195976257,
    "complex_iplddt": 0.708832859992981,
    "complex_pde": 0.5056899785995483,
    "complex_ipde": 0.0,
    "chains_ptm": {
        "0": 0.7409611940383911
    },
    "pair_chains_iptm": {
        "0": {
            "0": 0.7409611940383911
        }
    }
}