{
    "confidence_score": 0.7232727408409119,
    "ptm": 0.7192966938018799,
    "iptm": 0.0,
    "ligand_iptm": 0.0,
    "protein_iptm": 0.0,
    "complex_plddt": 0.724266767501831,
    "complex_iplddt": 0.7242668271064758,
    "complex_pde": 0.5951864123344421,
    "complex_ipde": 0.0,
    "chains_ptm": {
        "0": 0.7192966938018799
    },
    "pair_chains_iptm": {
        "0": {
            "0": 0.7192966938018799
        }
    }
}