{
    "confidence_score": 0.7199109196662903,
    "ptm": 0.7421066164970398,
    "iptm": 0.0,
    "ligand_iptm": 0.0,
    "protein_iptm": 0.0,
    "complex_plddt": 0.7143619656562805,
    "complex_iplddt": 0.7143619656562805,
    "complex_pde": 0.5193230509757996,
    "complex_ipde": 0.0,
    "chains_ptm": {
        "0": 0.7421066164970398
    },
    "pair_chains_iptm": {
        "0": {
            "0": 0.7421066164970398
        }
    }
}