{
    "confidence_score": 0.7146921157836914,
    "ptm": 0.7299138903617859,
    "iptm": 0.0,
    "ligand_iptm": 0.0,
    "protein_iptm": 0.0,
    "complex_plddt": 0.7108866572380066,
    "complex_iplddt": 0.7108866572380066,
    "complex_pde": 0.5787227749824524,
    "complex_ipde": 0.0,
    "chains_ptm": {
        "0": 0.7299138903617859
    },
    "pair_chains_iptm": {
        "0": {
            "0": 0.7299138903617859
        }
    }
}