{
    "confidence_score": 0.7170353531837463,
    "ptm": 0.7426159381866455,
    "iptm": 0.0,
    "ligand_iptm": 0.0,
    "protein_iptm": 0.0,
    "complex_plddt": 0.7106401920318604,
    "complex_iplddt": 0.7106402516365051,
    "complex_pde": 0.5067240595817566,
    "complex_ipde": 0.0,
    "chains_ptm": {
        "0": 0.7426159381866455
    },
    "pair_chains_iptm": {
        "0": {
            "0": 0.7426159381866455
        }
    }
}