{
    "confidence_score": 0.7167302966117859,
    "ptm": 0.7499359846115112,
    "iptm": 0.0,
    "ligand_iptm": 0.0,
    "protein_iptm": 0.0,
    "complex_plddt": 0.7084289193153381,
    "complex_iplddt": 0.7084288597106934,
    "complex_pde": 0.5045616030693054,
    "complex_ipde": 0.0,
    "chains_ptm": {
        "0": 0.7499359846115112
    },
    "pair_chains_iptm": {
        "0": {
            "0": 0.7499359846115112
        }
    }
}