{
    "confidence_score": 0.7127958536148071,
    "ptm": 0.7466513514518738,
    "iptm": 0.0,
    "ligand_iptm": 0.0,
    "protein_iptm": 0.0,
    "complex_plddt": 0.7043319344520569,
    "complex_iplddt": 0.7043319344520569,
    "complex_pde": 0.49580585956573486,
    "complex_ipde": 0.0,
    "chains_ptm": {
        "0": 0.7466513514518738
    },
    "pair_chains_iptm": {
        "0": {
            "0": 0.7466513514518738
        }
    }
}