{
    "confidence_score": 0.7214605212211609,
    "ptm": 0.7355372905731201,
    "iptm": 0.0,
    "ligand_iptm": 0.0,
    "protein_iptm": 0.0,
    "complex_plddt": 0.7179412841796875,
    "complex_iplddt": 0.7179413437843323,
    "complex_pde": 0.5340518951416016,
    "complex_ipde": 0.0,
    "chains_ptm": {
        "0": 0.7355372905731201
    },
    "pair_chains_iptm": {
        "0": {
            "0": 0.7355372905731201
        }
    }
}