{
    "confidence_score": 0.7134833931922913,
    "ptm": 0.707521915435791,
    "iptm": 0.0,
    "ligand_iptm": 0.0,
    "protein_iptm": 0.0,
    "complex_plddt": 0.7149737477302551,
    "complex_iplddt": 0.7149737477302551,
    "complex_pde": 0.6357898116111755,
    "complex_ipde": 0.0,
    "chains_ptm": {
        "0": 0.707521915435791
    },
    "pair_chains_iptm": {
        "0": {
            "0": 0.707521915435791
        }
    }
}