{
    "confidence_score": 0.7147645354270935,
    "ptm": 0.7493084669113159,
    "iptm": 0.0,
    "ligand_iptm": 0.0,
    "protein_iptm": 0.0,
    "complex_plddt": 0.7061285376548767,
    "complex_iplddt": 0.7061285376548767,
    "complex_pde": 0.49232977628707886,
    "complex_ipde": 0.0,
    "chains_ptm": {
        "0": 0.7493084669113159
    },
    "pair_chains_iptm": {
        "0": {
            "0": 0.7493084669113159
        }
    }
}