{
    "confidence_score": 0.7202044129371643,
    "ptm": 0.7449524998664856,
    "iptm": 0.0,
    "ligand_iptm": 0.0,
    "protein_iptm": 0.0,
    "complex_plddt": 0.714017391204834,
    "complex_iplddt": 0.7140173316001892,
    "complex_pde": 0.5119907259941101,
    "complex_ipde": 0.0,
    "chains_ptm": {
        "0": 0.7449524998664856
    },
    "pair_chains_iptm": {
        "0": {
            "0": 0.7449524998664856
        }
    }
}