{
    "confidence_score": 0.7152624130249023,
    "ptm": 0.7341552972793579,
    "iptm": 0.0,
    "ligand_iptm": 0.0,
    "protein_iptm": 0.0,
    "complex_plddt": 0.7105391621589661,
    "complex_iplddt": 0.7105391621589661,
    "complex_pde": 0.5469643473625183,
    "complex_ipde": 0.0,
    "chains_ptm": {
        "0": 0.7341552972793579
    },
    "pair_chains_iptm": {
        "0": {
            "0": 0.7341552972793579
        }
    }
}