{
    "confidence_score": 0.7170224785804749,
    "ptm": 0.7402326464653015,
    "iptm": 0.0,
    "ligand_iptm": 0.0,
    "protein_iptm": 0.0,
    "complex_plddt": 0.7112199068069458,
    "complex_iplddt": 0.7112199068069458,
    "complex_pde": 0.5017107129096985,
    "complex_ipde": 0.0,
    "chains_ptm": {
        "0": 0.7402326464653015
    },
    "pair_chains_iptm": {
        "0": {
            "0": 0.7402326464653015
        }
    }
}