{
    "confidence_score": 0.7155687212944031,
    "ptm": 0.748333752155304,
    "iptm": 0.0,
    "ligand_iptm": 0.0,
    "protein_iptm": 0.0,
    "complex_plddt": 0.7073774933815002,
    "complex_iplddt": 0.707377552986145,
    "complex_pde": 0.4923609793186188,
    "complex_ipde": 0.0,
    "chains_ptm": {
        "0": 0.748333752155304
    },
    "pair_chains_iptm": {
        "0": {
            "0": 0.748333752155304
        }
    }
}