{
    "confidence_score": 0.7207784056663513,
    "ptm": 0.7336277365684509,
    "iptm": 0.0,
    "ligand_iptm": 0.0,
    "protein_iptm": 0.0,
    "complex_plddt": 0.7175660133361816,
    "complex_iplddt": 0.7175660729408264,
    "complex_pde": 0.5681337118148804,
    "complex_ipde": 0.0,
    "chains_ptm": {
        "0": 0.7336277365684509
    },
    "pair_chains_iptm": {
        "0": {
            "0": 0.7336277365684509
        }
    }
}