{
    "confidence_score": 0.7181767225265503,
    "ptm": 0.7531688809394836,
    "iptm": 0.0,
    "ligand_iptm": 0.0,
    "protein_iptm": 0.0,
    "complex_plddt": 0.7094286680221558,
    "complex_iplddt": 0.7094286680221558,
    "complex_pde": 0.4922434687614441,
    "complex_ipde": 0.0,
    "chains_ptm": {
        "0": 0.7531688809394836
    },
    "pair_chains_iptm": {
        "0": {
            "0": 0.7531688809394836
        }
    }
}