{
    "confidence_score": 0.7173003554344177,
    "ptm": 0.7376712560653687,
    "iptm": 0.0,
    "ligand_iptm": 0.0,
    "protein_iptm": 0.0,
    "complex_plddt": 0.712207555770874,
    "complex_iplddt": 0.712207555770874,
    "complex_pde": 0.5290359258651733,
    "complex_ipde": 0.0,
    "chains_ptm": {
        "0": 0.7376712560653687
    },
    "pair_chains_iptm": {
        "0": {
            "0": 0.7376712560653687
        }
    }
}