{
    "confidence_score": 0.7157573103904724,
    "ptm": 0.7398601174354553,
    "iptm": 0.0,
    "ligand_iptm": 0.0,
    "protein_iptm": 0.0,
    "complex_plddt": 0.7097315788269043,
    "complex_iplddt": 0.7097315788269043,
    "complex_pde": 0.5147435069084167,
    "complex_ipde": 0.0,
    "chains_ptm": {
        "0": 0.7398601174354553
    },
    "pair_chains_iptm": {
        "0": {
            "0": 0.7398601174354553
        }
    }
}