{
    "confidence_score": 0.7168919444084167,
    "ptm": 0.7429255247116089,
    "iptm": 0.0,
    "ligand_iptm": 0.0,
    "protein_iptm": 0.0,
    "complex_plddt": 0.7103835940361023,
    "complex_iplddt": 0.7103835940361023,
    "complex_pde": 0.5166640877723694,
    "complex_ipde": 0.0,
    "chains_ptm": {
        "0": 0.7429255247116089
    },
    "pair_chains_iptm": {
        "0": {
            "0": 0.7429255247116089
        }
    }
}