{
    "confidence_score": 0.7083325386047363,
    "ptm": 0.7349480390548706,
    "iptm": 0.0,
    "ligand_iptm": 0.0,
    "protein_iptm": 0.0,
    "complex_plddt": 0.7016786336898804,
    "complex_iplddt": 0.7016786932945251,
    "complex_pde": 0.5423350930213928,
    "complex_ipde": 0.0,
    "chains_ptm": {
        "0": 0.7349480390548706
    },
    "pair_chains_iptm": {
        "0": {
            "0": 0.7349480390548706
        }
    }
}