{
    "confidence_score": 0.7148557901382446,
    "ptm": 0.7493338584899902,
    "iptm": 0.0,
    "ligand_iptm": 0.0,
    "protein_iptm": 0.0,
    "complex_plddt": 0.7062362432479858,
    "complex_iplddt": 0.7062361836433411,
    "complex_pde": 0.48741406202316284,
    "complex_ipde": 0.0,
    "chains_ptm": {
        "0": 0.7493338584899902
    },
    "pair_chains_iptm": {
        "0": {
            "0": 0.7493338584899902
        }
    }
}