{
    "confidence_score": 0.7183465361595154,
    "ptm": 0.7466539740562439,
    "iptm": 0.0,
    "ligand_iptm": 0.0,
    "protein_iptm": 0.0,
    "complex_plddt": 0.7112696766853333,
    "complex_iplddt": 0.7112696766853333,
    "complex_pde": 0.5046383142471313,
    "complex_ipde": 0.0,
    "chains_ptm": {
        "0": 0.7466539740562439
    },
    "pair_chains_iptm": {
        "0": {
            "0": 0.7466539740562439
        }
    }
}