{
    "confidence_score": 0.7191885113716125,
    "ptm": 0.7369624376296997,
    "iptm": 0.0,
    "ligand_iptm": 0.0,
    "protein_iptm": 0.0,
    "complex_plddt": 0.7147449851036072,
    "complex_iplddt": 0.7147449851036072,
    "complex_pde": 0.5233930349349976,
    "complex_ipde": 0.0,
    "chains_ptm": {
        "0": 0.7369624376296997
    },
    "pair_chains_iptm": {
        "0": {
            "0": 0.7369624376296997
        }
    }
}