{
    "confidence_score": 0.7162015438079834,
    "ptm": 0.751701295375824,
    "iptm": 0.0,
    "ligand_iptm": 0.0,
    "protein_iptm": 0.0,
    "complex_plddt": 0.7073265910148621,
    "complex_iplddt": 0.7073265314102173,
    "complex_pde": 0.49451974034309387,
    "complex_ipde": 0.0,
    "chains_ptm": {
        "0": 0.751701295375824
    },
    "pair_chains_iptm": {
        "0": {
            "0": 0.751701295375824
        }
    }
}