{
    "confidence_score": 0.7245771884918213,
    "ptm": 0.7223089337348938,
    "iptm": 0.0,
    "ligand_iptm": 0.0,
    "protein_iptm": 0.0,
    "complex_plddt": 0.7251442670822144,
    "complex_iplddt": 0.7251443266868591,
    "complex_pde": 0.631474494934082,
    "complex_ipde": 0.0,
    "chains_ptm": {
        "0": 0.7223089337348938
    },
    "pair_chains_iptm": {
        "0": {
            "0": 0.7223089337348938
        }
    }
}