{
    "confidence_score": 0.7203308343887329,
    "ptm": 0.7477722764015198,
    "iptm": 0.0,
    "ligand_iptm": 0.0,
    "protein_iptm": 0.0,
    "complex_plddt": 0.713470458984375,
    "complex_iplddt": 0.713470458984375,
    "complex_pde": 0.49739477038383484,
    "complex_ipde": 0.0,
    "chains_ptm": {
        "0": 0.7477722764015198
    },
    "pair_chains_iptm": {
        "0": {
            "0": 0.7477722764015198
        }
    }
}