{
    "confidence_score": 0.7112996578216553,
    "ptm": 0.7443428635597229,
    "iptm": 0.0,
    "ligand_iptm": 0.0,
    "protein_iptm": 0.0,
    "complex_plddt": 0.7030388712882996,
    "complex_iplddt": 0.7030388712882996,
    "complex_pde": 0.49307626485824585,
    "complex_ipde": 0.0,
    "chains_ptm": {
        "0": 0.7443428635597229
    },
    "pair_chains_iptm": {
        "0": {
            "0": 0.7443428635597229
        }
    }
}