{
    "confidence_score": 0.7211060523986816,
    "ptm": 0.719892144203186,
    "iptm": 0.0,
    "ligand_iptm": 0.0,
    "protein_iptm": 0.0,
    "complex_plddt": 0.7214094996452332,
    "complex_iplddt": 0.7214094400405884,
    "complex_pde": 0.5812216401100159,
    "complex_ipde": 0.0,
    "chains_ptm": {
        "0": 0.719892144203186
    },
    "pair_chains_iptm": {
        "0": {
            "0": 0.719892144203186
        }
    }
}