{
    "confidence_score": 0.7253397107124329,
    "ptm": 0.7026447057723999,
    "iptm": 0.0,
    "ligand_iptm": 0.0,
    "protein_iptm": 0.0,
    "complex_plddt": 0.7310134172439575,
    "complex_iplddt": 0.7310133576393127,
    "complex_pde": 0.6674493551254272,
    "complex_ipde": 0.0,
    "chains_ptm": {
        "0": 0.7026447057723999
    },
    "pair_chains_iptm": {
        "0": {
            "0": 0.7026447057723999
        }
    }
}