{
    "confidence_score": 0.7248072028160095,
    "ptm": 0.7423635125160217,
    "iptm": 0.0,
    "ligand_iptm": 0.0,
    "protein_iptm": 0.0,
    "complex_plddt": 0.7204180955886841,
    "complex_iplddt": 0.7204180955886841,
    "complex_pde": 0.5239542126655579,
    "complex_ipde": 0.0,
    "chains_ptm": {
        "0": 0.7423635125160217
    },
    "pair_chains_iptm": {
        "0": {
            "0": 0.7423635125160217
        }
    }
}