{
    "confidence_score": 0.7286599278450012,
    "ptm": 0.7297499775886536,
    "iptm": 0.0,
    "ligand_iptm": 0.0,
    "protein_iptm": 0.0,
    "complex_plddt": 0.7283874154090881,
    "complex_iplddt": 0.7283873558044434,
    "complex_pde": 0.5469838380813599,
    "complex_ipde": 0.0,
    "chains_ptm": {
        "0": 0.7297499775886536
    },
    "pair_chains_iptm": {
        "0": {
            "0": 0.7297499775886536
        }
    }
}