{
    "confidence_score": 0.7189001441001892,
    "ptm": 0.7215853929519653,
    "iptm": 0.0,
    "ligand_iptm": 0.0,
    "protein_iptm": 0.0,
    "complex_plddt": 0.718228816986084,
    "complex_iplddt": 0.7182287573814392,
    "complex_pde": 0.5861656069755554,
    "complex_ipde": 0.0,
    "chains_ptm": {
        "0": 0.7215853929519653
    },
    "pair_chains_iptm": {
        "0": {
            "0": 0.7215853929519653
        }
    }
}