{
    "confidence_score": 0.7113012075424194,
    "ptm": 0.7278696894645691,
    "iptm": 0.0,
    "ligand_iptm": 0.0,
    "protein_iptm": 0.0,
    "complex_plddt": 0.7071590423583984,
    "complex_iplddt": 0.7071589827537537,
    "complex_pde": 0.5959541201591492,
    "complex_ipde": 0.0,
    "chains_ptm": {
        "0": 0.7278696894645691
    },
    "pair_chains_iptm": {
        "0": {
            "0": 0.7278696894645691
        }
    }
}