{
    "confidence_score": 0.714050829410553,
    "ptm": 0.739237368106842,
    "iptm": 0.0,
    "ligand_iptm": 0.0,
    "protein_iptm": 0.0,
    "complex_plddt": 0.7077541947364807,
    "complex_iplddt": 0.7077543139457703,
    "complex_pde": 0.5130231976509094,
    "complex_ipde": 0.0,
    "chains_ptm": {
        "0": 0.739237368106842
    },
    "pair_chains_iptm": {
        "0": {
            "0": 0.739237368106842
        }
    }
}