{
    "confidence_score": 0.7179362177848816,
    "ptm": 0.7368649840354919,
    "iptm": 0.0,
    "ligand_iptm": 0.0,
    "protein_iptm": 0.0,
    "complex_plddt": 0.713204026222229,
    "complex_iplddt": 0.7132039666175842,
    "complex_pde": 0.515240490436554,
    "complex_ipde": 0.0,
    "chains_ptm": {
        "0": 0.7368649840354919
    },
    "pair_chains_iptm": {
        "0": {
            "0": 0.7368649840354919
        }
    }
}