{
    "confidence_score": 0.7182615399360657,
    "ptm": 0.7465581893920898,
    "iptm": 0.0,
    "ligand_iptm": 0.0,
    "protein_iptm": 0.0,
    "complex_plddt": 0.7111873626708984,
    "complex_iplddt": 0.711187481880188,
    "complex_pde": 0.49964192509651184,
    "complex_ipde": 0.0,
    "chains_ptm": {
        "0": 0.7465581893920898
    },
    "pair_chains_iptm": {
        "0": {
            "0": 0.7465581893920898
        }
    }
}