{
    "confidence_score": 0.7141663432121277,
    "ptm": 0.7429941296577454,
    "iptm": 0.0,
    "ligand_iptm": 0.0,
    "protein_iptm": 0.0,
    "complex_plddt": 0.7069593667984009,
    "complex_iplddt": 0.7069593667984009,
    "complex_pde": 0.5087221264839172,
    "complex_ipde": 0.0,
    "chains_ptm": {
        "0": 0.7429941296577454
    },
    "pair_chains_iptm": {
        "0": {
            "0": 0.7429941296577454
        }
    }
}