{
    "confidence_score": 0.7129172682762146,
    "ptm": 0.7512732744216919,
    "iptm": 0.0,
    "ligand_iptm": 0.0,
    "protein_iptm": 0.0,
    "complex_plddt": 0.7033281922340393,
    "complex_iplddt": 0.7033281922340393,
    "complex_pde": 0.4995608925819397,
    "complex_ipde": 0.0,
    "chains_ptm": {
        "0": 0.7512732744216919
    },
    "pair_chains_iptm": {
        "0": {
            "0": 0.7512732744216919
        }
    }
}