{
    "confidence_score": 0.7160038352012634,
    "ptm": 0.7363001704216003,
    "iptm": 0.0,
    "ligand_iptm": 0.0,
    "protein_iptm": 0.0,
    "complex_plddt": 0.7109296917915344,
    "complex_iplddt": 0.7109296321868896,
    "complex_pde": 0.5197774171829224,
    "complex_ipde": 0.0,
    "chains_ptm": {
        "0": 0.7363001704216003
    },
    "pair_chains_iptm": {
        "0": {
            "0": 0.7363001704216003
        }
    }
}