{
    "confidence_score": 0.7117452025413513,
    "ptm": 0.7414093017578125,
    "iptm": 0.0,
    "ligand_iptm": 0.0,
    "protein_iptm": 0.0,
    "complex_plddt": 0.7043291330337524,
    "complex_iplddt": 0.7043291330337524,
    "complex_pde": 0.5360340476036072,
    "complex_ipde": 0.0,
    "chains_ptm": {
        "0": 0.7414093017578125
    },
    "pair_chains_iptm": {
        "0": {
            "0": 0.7414093017578125
        }
    }
}