{
    "confidence_score": 0.713980495929718,
    "ptm": 0.7458471059799194,
    "iptm": 0.0,
    "ligand_iptm": 0.0,
    "protein_iptm": 0.0,
    "complex_plddt": 0.7060137987136841,
    "complex_iplddt": 0.7060137987136841,
    "complex_pde": 0.510309100151062,
    "complex_ipde": 0.0,
    "chains_ptm": {
        "0": 0.7458471059799194
    },
    "pair_chains_iptm": {
        "0": {
            "0": 0.7458471059799194
        }
    }
}