{
    "confidence_score": 0.9037956595420837,
    "ptm": 0.8559379577636719,
    "iptm": 0.776585042476654,
    "ligand_iptm": 0.901508629322052,
    "protein_iptm": 0.7006946802139282,
    "complex_plddt": 0.9355983138084412,
    "complex_iplddt": 0.8947137594223022,
    "complex_pde": 0.5143930912017822,
    "complex_ipde": 1.0864715576171875,
    "chains_ptm": {
        "0": 0.9874501824378967,
        "1": 0.9758536219596863,
        "2": 0.971707820892334,
        "3": 0.0,
        "4": 0.9302072525024414
    },
    "pair_chains_iptm": {
        "0": {
            "0": 0.9874501824378967,
            "1": 0.6932268142700195,
            "2": 0.6207684874534607,
            "3": 0.0,
            "4": 0.8858789801597595
        },
        "1": {
            "0": 0.7006946802139282,
            "1": 0.9758536219596863,
            "2": 0.8693238496780396,
            "3": 0.0,
            "4": 0.6453663110733032
        },
        "2": {
            "0": 0.7973266243934631,
            "1": 0.9850945472717285,
            "2": 0.971707820892334,
            "3": 0.0,
            "4": 0.7430591583251953
        },
        "3": {
            "0": 0.8115383386611938,
            "1": 0.9891506433486938,
            "2": 0.9504764080047607,
            "3": 0.0,
            "4": 0.7760536670684814
        },
        "4": {
            "0": 0.9486340880393982,
            "1": 0.8462201952934265,
            "2": 0.772684633731842,
            "3": 0.0,
            "4": 0.9302072525024414
        }
    }
}