{
    "confidence_score": 0.859502911567688,
    "ptm": 0.8661777973175049,
    "iptm": 0.9749552011489868,
    "ligand_iptm": 0.9749552011489868,
    "protein_iptm": 0.0,
    "complex_plddt": 0.8306397795677185,
    "complex_iplddt": 0.8823137283325195,
    "complex_pde": 0.844852864742279,
    "complex_ipde": 0.5973111987113953,
    "chains_ptm": {
        "0": 0.8562856316566467,
        "1": 0.9552452564239502
    },
    "pair_chains_iptm": {
        "0": {
            "0": 0.8562856316566467,
            "1": 0.7168333530426025
        },
        "1": {
            "0": 0.9749552011489868,
            "1": 0.9552452564239502
        }
    }
}