{
    "confidence_score": 0.9581272006034851,
    "ptm": 0.9732009172439575,
    "iptm": 0.9442293643951416,
    "ligand_iptm": 0.9442293643951416,
    "protein_iptm": 0.0,
    "complex_plddt": 0.961601734161377,
    "complex_iplddt": 0.9317458868026733,
    "complex_pde": 0.33482465147972107,
    "complex_ipde": 0.44433969259262085,
    "chains_ptm": {
        "0": 0.9863352179527283,
        "1": 0.9281377196311951
    },
    "pair_chains_iptm": {
        "0": {
            "0": 0.9863352179527283,
            "1": 0.9072325229644775
        },
        "1": {
            "0": 0.9442293643951416,
            "1": 0.9281377196311951
        }
    }
}