{
    "confidence_score": 0.9577082991600037,
    "ptm": 0.9751154780387878,
    "iptm": 0.9471750259399414,
    "ligand_iptm": 0.9471750259399414,
    "protein_iptm": 0.0,
    "complex_plddt": 0.9603415727615356,
    "complex_iplddt": 0.930009663105011,
    "complex_pde": 0.3308577835559845,
    "complex_ipde": 0.43277424573898315,
    "chains_ptm": {
        "0": 0.9874024987220764,
        "1": 0.9306002259254456
    },
    "pair_chains_iptm": {
        "0": {
            "0": 0.9874024987220764,
            "1": 0.9102681279182434
        },
        "1": {
            "0": 0.9471750259399414,
            "1": 0.9306002259254456
        }
    }
}