{
    "confidence_score": 0.9598269462585449,
    "ptm": 0.972865879535675,
    "iptm": 0.942419707775116,
    "ligand_iptm": 0.942419707775116,
    "protein_iptm": 0.0,
    "complex_plddt": 0.964178740978241,
    "complex_iplddt": 0.9381521344184875,
    "complex_pde": 0.3392612040042877,
    "complex_ipde": 0.45839178562164307,
    "chains_ptm": {
        "0": 0.9864329099655151,
        "1": 0.9271296858787537
    },
    "pair_chains_iptm": {
        "0": {
            "0": 0.9864329099655151,
            "1": 0.9070946574211121
        },
        "1": {
            "0": 0.942419707775116,
            "1": 0.9271296858787537
        }
    }
}