{
    "confidence_score": 0.9476725459098816,
    "ptm": 0.9711464047431946,
    "iptm": 0.9391820430755615,
    "ligand_iptm": 0.9391820430755615,
    "protein_iptm": 0.0,
    "complex_plddt": 0.9497951865196228,
    "complex_iplddt": 0.9054273366928101,
    "complex_pde": 0.3477451801300049,
    "complex_ipde": 0.464478075504303,
    "chains_ptm": {
        "0": 0.9859334826469421,
        "1": 0.9234697818756104
    },
    "pair_chains_iptm": {
        "0": {
            "0": 0.9859334826469421,
            "1": 0.9048093557357788
        },
        "1": {
            "0": 0.9391820430755615,
            "1": 0.9234697818756104
        }
    }
}