{
    "confidence_score": 0.9550023078918457,
    "ptm": 0.9718817472457886,
    "iptm": 0.9400158524513245,
    "ligand_iptm": 0.9400158524513245,
    "protein_iptm": 0.0,
    "complex_plddt": 0.9587489366531372,
    "complex_iplddt": 0.924595296382904,
    "complex_pde": 0.3431357741355896,
    "complex_ipde": 0.468851774930954,
    "chains_ptm": {
        "0": 0.9861763715744019,
        "1": 0.925155758857727
    },
    "pair_chains_iptm": {
        "0": {
            "0": 0.9861763715744019,
            "1": 0.9029768109321594
        },
        "1": {
            "0": 0.9400158524513245,
            "1": 0.925155758857727
        }
    }
}