{
    "confidence_score": 0.9558904767036438,
    "ptm": 0.9727066159248352,
    "iptm": 0.94228196144104,
    "ligand_iptm": 0.94228196144104,
    "protein_iptm": 0.0,
    "complex_plddt": 0.9592926502227783,
    "complex_iplddt": 0.9259597063064575,
    "complex_pde": 0.3395262062549591,
    "complex_ipde": 0.454622358083725,
    "chains_ptm": {
        "0": 0.9866758584976196,
        "1": 0.9258089661598206
    },
    "pair_chains_iptm": {
        "0": {
            "0": 0.9866758584976196,
            "1": 0.9054948687553406
        },
        "1": {
            "0": 0.94228196144104,
            "1": 0.9258089661598206
        }
    }
}