{
    "confidence_score": 0.9588773846626282,
    "ptm": 0.9745514988899231,
    "iptm": 0.9479378461837769,
    "ligand_iptm": 0.9479378461837769,
    "protein_iptm": 0.0,
    "complex_plddt": 0.9616122841835022,
    "complex_iplddt": 0.9315227270126343,
    "complex_pde": 0.3274213969707489,
    "complex_ipde": 0.4300694167613983,
    "chains_ptm": {
        "0": 0.9866777062416077,
        "1": 0.9329155683517456
    },
    "pair_chains_iptm": {
        "0": {
            "0": 0.9866777062416077,
            "1": 0.9092466831207275
        },
        "1": {
            "0": 0.9479378461837769,
            "1": 0.9329155683517456
        }
    }
}