{
    "confidence_score": 0.9530779719352722,
    "ptm": 0.9744783043861389,
    "iptm": 0.9459133744239807,
    "ligand_iptm": 0.9459133744239807,
    "protein_iptm": 0.0,
    "complex_plddt": 0.9548690915107727,
    "complex_iplddt": 0.9153308868408203,
    "complex_pde": 0.33408603072166443,
    "complex_ipde": 0.43980851769447327,
    "chains_ptm": {
        "0": 0.9875562787055969,
        "1": 0.9288149476051331
    },
    "pair_chains_iptm": {
        "0": {
            "0": 0.9875562787055969,
            "1": 0.91164630651474
        },
        "1": {
            "0": 0.9459133744239807,
            "1": 0.9288149476051331
        }
    }
}