{
    "confidence_score": 0.9516114592552185,
    "ptm": 0.9756355881690979,
    "iptm": 0.9470003843307495,
    "ligand_iptm": 0.9470003843307495,
    "protein_iptm": 0.0,
    "complex_plddt": 0.9527641534805298,
    "complex_iplddt": 0.9135578870773315,
    "complex_pde": 0.3329485058784485,
    "complex_ipde": 0.43554404377937317,
    "chains_ptm": {
        "0": 0.988478422164917,
        "1": 0.9309735298156738
    },
    "pair_chains_iptm": {
        "0": {
            "0": 0.988478422164917,
            "1": 0.9138670563697815
        },
        "1": {
            "0": 0.9470003843307495,
            "1": 0.9309735298156738
        }
    }
}