{
    "confidence_score": 0.9543968439102173,
    "ptm": 0.9734326601028442,
    "iptm": 0.9426314234733582,
    "ligand_iptm": 0.9426314234733582,
    "protein_iptm": 0.0,
    "complex_plddt": 0.9573382139205933,
    "complex_iplddt": 0.9202616214752197,
    "complex_pde": 0.3386498987674713,
    "complex_ipde": 0.45598340034484863,
    "chains_ptm": {
        "0": 0.9878312945365906,
        "1": 0.9268017411231995
    },
    "pair_chains_iptm": {
        "0": {
            "0": 0.9878312945365906,
            "1": 0.9123185873031616
        },
        "1": {
            "0": 0.9426314234733582,
            "1": 0.9268017411231995
        }
    }
}