{
    "confidence_score": 0.9572734832763672,
    "ptm": 0.9685580730438232,
    "iptm": 0.9333788752555847,
    "ligand_iptm": 0.9333788752555847,
    "protein_iptm": 0.0,
    "complex_plddt": 0.9632471203804016,
    "complex_iplddt": 0.935089111328125,
    "complex_pde": 0.3549528121948242,
    "complex_ipde": 0.49352601170539856,
    "chains_ptm": {
        "0": 0.9846391081809998,
        "1": 0.9156069159507751
    },
    "pair_chains_iptm": {
        "0": {
            "0": 0.9846391081809998,
            "1": 0.8926493525505066
        },
        "1": {
            "0": 0.9333788752555847,
            "1": 0.9156069159507751
        }
    }
}