{
    "confidence_score": 0.9592203497886658,
    "ptm": 0.973318874835968,
    "iptm": 0.9426271915435791,
    "ligand_iptm": 0.9426271915435791,
    "protein_iptm": 0.0,
    "complex_plddt": 0.9633685350418091,
    "complex_iplddt": 0.9361597895622253,
    "complex_pde": 0.3402549922466278,
    "complex_ipde": 0.45348024368286133,
    "chains_ptm": {
        "0": 0.9870742559432983,
        "1": 0.9268664121627808
    },
    "pair_chains_iptm": {
        "0": {
            "0": 0.9870742559432983,
            "1": 0.907282829284668
        },
        "1": {
            "0": 0.9426271915435791,
            "1": 0.9268664121627808
        }
    }
}