{
    "confidence_score": 0.9479435086250305,
    "ptm": 0.9711624383926392,
    "iptm": 0.9375653266906738,
    "ligand_iptm": 0.9375653266906738,
    "protein_iptm": 0.0,
    "complex_plddt": 0.9505380392074585,
    "complex_iplddt": 0.9089810252189636,
    "complex_pde": 0.3536520004272461,
    "complex_ipde": 0.47463324666023254,
    "chains_ptm": {
        "0": 0.9865873456001282,
        "1": 0.921451210975647
    },
    "pair_chains_iptm": {
        "0": {
            "0": 0.9865873456001282,
            "1": 0.903641402721405
        },
        "1": {
            "0": 0.9375653266906738,
            "1": 0.921451210975647
        }
    }
}