{
    "confidence_score": 0.9577941298484802,
    "ptm": 0.9710659384727478,
    "iptm": 0.9380245804786682,
    "ligand_iptm": 0.9380245804786682,
    "protein_iptm": 0.0,
    "complex_plddt": 0.9627364277839661,
    "complex_iplddt": 0.9341776371002197,
    "complex_pde": 0.34530243277549744,
    "complex_ipde": 0.4697563648223877,
    "chains_ptm": {
        "0": 0.986175537109375,
        "1": 0.9218762516975403
    },
    "pair_chains_iptm": {
        "0": {
            "0": 0.986175537109375,
            "1": 0.9043374061584473
        },
        "1": {
            "0": 0.9380245804786682,
            "1": 0.9218762516975403
        }
    }
}