{
    "confidence_score": 0.9584276080131531,
    "ptm": 0.970098614692688,
    "iptm": 0.9357742071151733,
    "ligand_iptm": 0.9357742071151733,
    "protein_iptm": 0.0,
    "complex_plddt": 0.9640910029411316,
    "complex_iplddt": 0.9374974966049194,
    "complex_pde": 0.35141414403915405,
    "complex_ipde": 0.48039570450782776,
    "chains_ptm": {
        "0": 0.9856441617012024,
        "1": 0.918425977230072
    },
    "pair_chains_iptm": {
        "0": {
            "0": 0.9856441617012024,
            "1": 0.8983527421951294
        },
        "1": {
            "0": 0.9357742071151733,
            "1": 0.918425977230072
        }
    }
}