{
    "confidence_score": 0.9547588229179382,
    "ptm": 0.9689393639564514,
    "iptm": 0.9320491552352905,
    "ligand_iptm": 0.9320491552352905,
    "protein_iptm": 0.0,
    "complex_plddt": 0.9604362845420837,
    "complex_iplddt": 0.9283022284507751,
    "complex_pde": 0.3556000292301178,
    "complex_ipde": 0.495016485452652,
    "chains_ptm": {
        "0": 0.985771894454956,
        "1": 0.9152764081954956
    },
    "pair_chains_iptm": {
        "0": {
            "0": 0.985771894454956,
            "1": 0.8996660113334656
        },
        "1": {
            "0": 0.9320491552352905,
            "1": 0.9152764081954956
        }
    }
}