{
    "confidence_score": 0.946086049079895,
    "ptm": 0.9720284938812256,
    "iptm": 0.9408485889434814,
    "ligand_iptm": 0.9408485889434814,
    "protein_iptm": 0.0,
    "complex_plddt": 0.947395384311676,
    "complex_iplddt": 0.9000443816184998,
    "complex_pde": 0.34321147203445435,
    "complex_ipde": 0.45836663246154785,
    "chains_ptm": {
        "0": 0.9860819578170776,
        "1": 0.9236156344413757
    },
    "pair_chains_iptm": {
        "0": {
            "0": 0.9860819578170776,
            "1": 0.9031446576118469
        },
        "1": {
            "0": 0.9408485889434814,
            "1": 0.9236156344413757
        }
    }
}