{
    "confidence_score": 0.9566688537597656,
    "ptm": 0.9727210998535156,
    "iptm": 0.9424417614936829,
    "ligand_iptm": 0.9424417614936829,
    "protein_iptm": 0.0,
    "complex_plddt": 0.9602256417274475,
    "complex_iplddt": 0.927221417427063,
    "complex_pde": 0.33767297863960266,
    "complex_ipde": 0.4536001682281494,
    "chains_ptm": {
        "0": 0.9862891435623169,
        "1": 0.9265519380569458
    },
    "pair_chains_iptm": {
        "0": {
            "0": 0.9862891435623169,
            "1": 0.9055862426757812
        },
        "1": {
            "0": 0.9424417614936829,
            "1": 0.9265519380569458
        }
    }
}