{
    "confidence_score": 0.9578157663345337,
    "ptm": 0.9746077656745911,
    "iptm": 0.9464850425720215,
    "ligand_iptm": 0.9464850425720215,
    "protein_iptm": 0.0,
    "complex_plddt": 0.9606483578681946,
    "complex_iplddt": 0.9291308522224426,
    "complex_pde": 0.3318016529083252,
    "complex_ipde": 0.4316166937351227,
    "chains_ptm": {
        "0": 0.9872517585754395,
        "1": 0.930023193359375
    },
    "pair_chains_iptm": {
        "0": {
            "0": 0.9872517585754395,
            "1": 0.90840744972229
        },
        "1": {
            "0": 0.9464850425720215,
            "1": 0.930023193359375
        }
    }
}