{
    "confidence_score": 0.9549239277839661,
    "ptm": 0.9722954034805298,
    "iptm": 0.9401920437812805,
    "ligand_iptm": 0.9401920437812805,
    "protein_iptm": 0.0,
    "complex_plddt": 0.9586068987846375,
    "complex_iplddt": 0.9234657883644104,
    "complex_pde": 0.33957919478416443,
    "complex_ipde": 0.46535223722457886,
    "chains_ptm": {
        "0": 0.986849308013916,
        "1": 0.9253236055374146
    },
    "pair_chains_iptm": {
        "0": {
            "0": 0.986849308013916,
            "1": 0.9066446423530579
        },
        "1": {
            "0": 0.9401920437812805,
            "1": 0.9253236055374146
        }
    }
}