{
    "confidence_score": 0.9575857520103455,
    "ptm": 0.9717901945114136,
    "iptm": 0.9417413473129272,
    "ligand_iptm": 0.9417413473129272,
    "protein_iptm": 0.0,
    "complex_plddt": 0.9615468382835388,
    "complex_iplddt": 0.9310868978500366,
    "complex_pde": 0.3403433561325073,
    "complex_ipde": 0.4558611512184143,
    "chains_ptm": {
        "0": 0.9855437874794006,
        "1": 0.9253624677658081
    },
    "pair_chains_iptm": {
        "0": {
            "0": 0.9855437874794006,
            "1": 0.902122974395752
        },
        "1": {
            "0": 0.9417413473129272,
            "1": 0.9253624677658081
        }
    }
}