{
    "confidence_score": 0.9531064033508301,
    "ptm": 0.9745351076126099,
    "iptm": 0.9465941190719604,
    "ligand_iptm": 0.9465941190719604,
    "protein_iptm": 0.0,
    "complex_plddt": 0.9547344446182251,
    "complex_iplddt": 0.913386881351471,
    "complex_pde": 0.3312816321849823,
    "complex_ipde": 0.4371899962425232,
    "chains_ptm": {
        "0": 0.987419843673706,
        "1": 0.9307912588119507
    },
    "pair_chains_iptm": {
        "0": {
            "0": 0.987419843673706,
            "1": 0.9116349816322327
        },
        "1": {
            "0": 0.9465941190719604,
            "1": 0.9307912588119507
        }
    }
}