{
    "confidence_score": 0.9561461806297302,
    "ptm": 0.9729383587837219,
    "iptm": 0.9424302577972412,
    "ligand_iptm": 0.9424302577972412,
    "protein_iptm": 0.0,
    "complex_plddt": 0.9595751166343689,
    "complex_iplddt": 0.9273931980133057,
    "complex_pde": 0.33860334753990173,
    "complex_ipde": 0.45970603823661804,
    "chains_ptm": {
        "0": 0.9865319132804871,
        "1": 0.9275555610656738
    },
    "pair_chains_iptm": {
        "0": {
            "0": 0.9865319132804871,
            "1": 0.9055546522140503
        },
        "1": {
            "0": 0.9424302577972412,
            "1": 0.9275555610656738
        }
    }
}