{
    "confidence_score": 0.9582846760749817,
    "ptm": 0.970112681388855,
    "iptm": 0.9361293315887451,
    "ligand_iptm": 0.9361293315887451,
    "protein_iptm": 0.0,
    "complex_plddt": 0.9638234972953796,
    "complex_iplddt": 0.9365540146827698,
    "complex_pde": 0.35073035955429077,
    "complex_ipde": 0.49147218465805054,
    "chains_ptm": {
        "0": 0.9857957363128662,
        "1": 0.9213471412658691
    },
    "pair_chains_iptm": {
        "0": {
            "0": 0.9857957363128662,
            "1": 0.9012978076934814
        },
        "1": {
            "0": 0.9361293315887451,
            "1": 0.9213471412658691
        }
    }
}