{
    "confidence_score": 0.9575505256652832,
    "ptm": 0.9728059768676758,
    "iptm": 0.9429783225059509,
    "ligand_iptm": 0.9429783225059509,
    "protein_iptm": 0.0,
    "complex_plddt": 0.9611936211585999,
    "complex_iplddt": 0.9304574131965637,
    "complex_pde": 0.33891019225120544,
    "complex_ipde": 0.4540152847766876,
    "chains_ptm": {
        "0": 0.9864575266838074,
        "1": 0.927094578742981
    },
    "pair_chains_iptm": {
        "0": {
            "0": 0.9864575266838074,
            "1": 0.9060848951339722
        },
        "1": {
            "0": 0.9429783225059509,
            "1": 0.927094578742981
        }
    }
}