{
    "confidence_score": 0.9100112318992615,
    "ptm": 0.8740930557250977,
    "iptm": 0.8054307103157043,
    "ligand_iptm": 0.9144626259803772,
    "protein_iptm": 0.7370436787605286,
    "complex_plddt": 0.9361562728881836,
    "complex_iplddt": 0.8964549899101257,
    "complex_pde": 0.49094483256340027,
    "complex_ipde": 1.0094598531723022,
    "chains_ptm": {
        "0": 0.9878408312797546,
        "1": 0.9786078333854675,
        "2": 0.975131630897522,
        "3": 0.0,
        "4": 0.9387432932853699
    },
    "pair_chains_iptm": {
        "0": {
            "0": 0.9878408312797546,
            "1": 0.7311180233955383,
            "2": 0.6777607798576355,
            "3": 0.0,
            "4": 0.9009731411933899
        },
        "1": {
            "0": 0.7370436787605286,
            "1": 0.9786078333854675,
            "2": 0.9090774059295654,
            "3": 0.0,
            "4": 0.6827508211135864
        },
        "2": {
            "0": 0.830700695514679,
            "1": 0.9857538938522339,
            "2": 0.975131630897522,
            "3": 0.0,
            "4": 0.7739680409431458
        },
        "3": {
            "0": 0.8416413068771362,
            "1": 0.9892144203186035,
            "2": 0.9573186039924622,
            "3": 0.0,
            "4": 0.7987595796585083
        },
        "4": {
            "0": 0.9523156881332397,
            "1": 0.8677982091903687,
            "2": 0.8176705837249756,
            "3": 0.0,
            "4": 0.9387432932853699
        }
    }
}