{
    "confidence_score": 0.9221227765083313,
    "ptm": 0.897953450679779,
    "iptm": 0.8488780856132507,
    "ligand_iptm": 0.9386849403381348,
    "protein_iptm": 0.7921385169029236,
    "complex_plddt": 0.9404339790344238,
    "complex_iplddt": 0.9085611701011658,
    "complex_pde": 0.4294877052307129,
    "complex_ipde": 0.8028664588928223,
    "chains_ptm": {
        "0": 0.9883324503898621,
        "1": 0.9818073511123657,
        "2": 0.9780325889587402,
        "3": 0.0,
        "4": 0.9444096088409424
    },
    "pair_chains_iptm": {
        "0": {
            "0": 0.9883324503898621,
            "1": 0.7921385169029236,
            "2": 0.7128071784973145,
            "3": 0.0,
            "4": 0.9061554074287415
        },
        "1": {
            "0": 0.7832397222518921,
            "1": 0.9818073511123657,
            "2": 0.8860149383544922,
            "3": 0.0,
            "4": 0.7311610579490662
        },
        "2": {
            "0": 0.8682602047920227,
            "1": 0.9884688854217529,
            "2": 0.9780325889587402,
            "3": 0.0,
            "4": 0.8161681294441223
        },
        "3": {
            "0": 0.8824688792228699,
            "1": 0.9923937320709229,
            "2": 0.9632933139801025,
            "3": 0.0,
            "4": 0.8531495332717896
        },
        "4": {
            "0": 0.9587920904159546,
            "1": 0.9165588617324829,
            "2": 0.8455424904823303,
            "3": 0.0,
            "4": 0.9444096088409424
        }
    }
}