{
    "confidence_score": 0.9059634208679199,
    "ptm": 0.8763108849525452,
    "iptm": 0.811531126499176,
    "ligand_iptm": 0.9192553162574768,
    "protein_iptm": 0.7451984882354736,
    "complex_plddt": 0.9295715093612671,
    "complex_iplddt": 0.882074236869812,
    "complex_pde": 0.4614636301994324,
    "complex_ipde": 0.9167266488075256,
    "chains_ptm": {
        "0": 0.9877254366874695,
        "1": 0.979195773601532,
        "2": 0.9758667349815369,
        "3": 0.0,
        "4": 0.9380868673324585
    },
    "pair_chains_iptm": {
        "0": {
            "0": 0.9877254366874695,
            "1": 0.7451984882354736,
            "2": 0.6900244355201721,
            "3": 0.0,
            "4": 0.8812497854232788
        },
        "1": {
            "0": 0.7411770820617676,
            "1": 0.979195773601532,
            "2": 0.9093308448791504,
            "3": 0.0,
            "4": 0.6711405515670776
        },
        "2": {
            "0": 0.839846134185791,
            "1": 0.987236499786377,
            "2": 0.9758667349815369,
            "3": 0.0,
            "4": 0.7751894593238831
        },
        "3": {
            "0": 0.8514943718910217,
            "1": 0.9915080666542053,
            "2": 0.9580447673797607,
            "3": 0.0,
            "4": 0.8134777545928955
        },
        "4": {
            "0": 0.9550325870513916,
            "1": 0.8849602341651917,
            "2": 0.8334448933601379,
            "3": 0.0,
            "4": 0.9380868673324585
        }
    }
}