{
    "confidence_score": 0.9191730618476868,
    "ptm": 0.8820844292640686,
    "iptm": 0.8220275640487671,
    "ligand_iptm": 0.9225735068321228,
    "protein_iptm": 0.7593486905097961,
    "complex_plddt": 0.9434594511985779,
    "complex_iplddt": 0.9119834899902344,
    "complex_pde": 0.46461057662963867,
    "complex_ipde": 0.9123155474662781,
    "chains_ptm": {
        "0": 0.9868457317352295,
        "1": 0.978368878364563,
        "2": 0.9746819734573364,
        "3": 0.0,
        "4": 0.9372458457946777
    },
    "pair_chains_iptm": {
        "0": {
            "0": 0.9868457317352295,
            "1": 0.7585306167602539,
            "2": 0.6884261965751648,
            "3": 0.0,
            "4": 0.8934439420700073
        },
        "1": {
            "0": 0.7593486905097961,
            "1": 0.978368878364563,
            "2": 0.8990925550460815,
            "3": 0.0,
            "4": 0.7008523344993591
        },
        "2": {
            "0": 0.8454239964485168,
            "1": 0.9865461587905884,
            "2": 0.9746819734573364,
            "3": 0.0,
            "4": 0.7940150499343872
        },
        "3": {
            "0": 0.8620509505271912,
            "1": 0.9901495575904846,
            "2": 0.9557298421859741,
            "3": 0.0,
            "4": 0.8279426693916321
        },
        "4": {
            "0": 0.9526616930961609,
            "1": 0.8942636251449585,
            "2": 0.8271334767341614,
            "3": 0.0,
            "4": 0.9372458457946777
        }
    }
}