{
    "confidence_score": 0.923554539680481,
    "ptm": 0.8821957111358643,
    "iptm": 0.8232485055923462,
    "ligand_iptm": 0.9290012121200562,
    "protein_iptm": 0.7590045928955078,
    "complex_plddt": 0.9486310482025146,
    "complex_iplddt": 0.9226919412612915,
    "complex_pde": 0.4445000886917114,
    "complex_ipde": 0.8490156531333923,
    "chains_ptm": {
        "0": 0.9882298707962036,
        "1": 0.979850172996521,
        "2": 0.9753442406654358,
        "3": 0.0,
        "4": 0.9419185519218445
    },
    "pair_chains_iptm": {
        "0": {
            "0": 0.9882298707962036,
            "1": 0.7566624283790588,
            "2": 0.6920585036277771,
            "3": 0.0,
            "4": 0.9047832489013672
        },
        "1": {
            "0": 0.7590045928955078,
            "1": 0.979850172996521,
            "2": 0.9069971442222595,
            "3": 0.0,
            "4": 0.7071736454963684
        },
        "2": {
            "0": 0.8452765345573425,
            "1": 0.9872555136680603,
            "2": 0.9753442406654358,
            "3": 0.0,
            "4": 0.7981674075126648
        },
        "3": {
            "0": 0.8638002872467041,
            "1": 0.9917064905166626,
            "2": 0.958655059337616,
            "3": 0.0,
            "4": 0.8323794603347778
        },
        "4": {
            "0": 0.9565243721008301,
            "1": 0.9031731486320496,
            "2": 0.8386973738670349,
            "3": 0.0,
            "4": 0.9419185519218445
        }
    }
}