{
    "confidence_score": 0.9040056467056274,
    "ptm": 0.8335920572280884,
    "iptm": 0.7666534781455994,
    "ligand_iptm": 0.8878412246704102,
    "protein_iptm": 0.6613031625747681,
    "complex_plddt": 0.9383437037467957,
    "complex_iplddt": 0.9029511213302612,
    "complex_pde": 0.515649139881134,
    "complex_ipde": 1.0912542343139648,
    "chains_ptm": {
        "0": 0.9874448776245117,
        "1": 0.9779947400093079,
        "2": 0.9760664701461792,
        "3": 0.0,
        "4": 0.9212267398834229
    },
    "pair_chains_iptm": {
        "0": {
            "0": 0.9874448776245117,
            "1": 0.6613031625747681,
            "2": 0.6119236350059509,
            "3": 0.0,
            "4": 0.8862055540084839
        },
        "1": {
            "0": 0.6562378406524658,
            "1": 0.9779947400093079,
            "2": 0.907364010810852,
            "3": 0.0,
            "4": 0.6033790707588196
        },
        "2": {
            "0": 0.7726057171821594,
            "1": 0.9861897230148315,
            "2": 0.9760664701461792,
            "3": 0.0,
            "4": 0.7148541212081909
        },
        "3": {
            "0": 0.7826128602027893,
            "1": 0.9906176328659058,
            "2": 0.9578794240951538,
            "3": 0.0,
            "4": 0.747938871383667
        },
        "4": {
            "0": 0.9400683045387268,
            "1": 0.8407308459281921,
            "2": 0.7904198169708252,
            "3": 0.0,
            "4": 0.9212267398834229
        }
    }
}