{
    "confidence_score": 0.9154236912727356,
    "ptm": 0.8720452785491943,
    "iptm": 0.8032007813453674,
    "ligand_iptm": 0.9142301082611084,
    "protein_iptm": 0.7380854487419128,
    "complex_plddt": 0.9434793591499329,
    "complex_iplddt": 0.9122809767723083,
    "complex_pde": 0.48365849256515503,
    "complex_ipde": 0.9605438709259033,
    "chains_ptm": {
        "0": 0.9875496625900269,
        "1": 0.9763348698616028,
        "2": 0.9705339670181274,
        "3": 0.0,
        "4": 0.9284365773200989
    },
    "pair_chains_iptm": {
        "0": {
            "0": 0.9875496625900269,
            "1": 0.7332766652107239,
            "2": 0.6702150106430054,
            "3": 0.0,
            "4": 0.8879128098487854
        },
        "1": {
            "0": 0.7380854487419128,
            "1": 0.9763348698616028,
            "2": 0.895804762840271,
            "3": 0.0,
            "4": 0.6773397922515869
        },
        "2": {
            "0": 0.8302870392799377,
            "1": 0.9854482412338257,
            "2": 0.9705339670181274,
            "3": 0.0,
            "4": 0.774034321308136
        },
        "3": {
            "0": 0.8458094000816345,
            "1": 0.9898184537887573,
            "2": 0.9486349821090698,
            "3": 0.0,
            "4": 0.807989239692688
        },
        "4": {
            "0": 0.9459540843963623,
            "1": 0.8824894428253174,
            "2": 0.817148745059967,
            "3": 0.0,
            "4": 0.9284365773200989
        }
    }
}