{
    "confidence_score": 0.9096698760986328,
    "ptm": 0.8617184162139893,
    "iptm": 0.7935788035392761,
    "ligand_iptm": 0.9156219363212585,
    "protein_iptm": 0.7190146446228027,
    "complex_plddt": 0.9386926293373108,
    "complex_iplddt": 0.9021865725517273,
    "complex_pde": 0.46562016010284424,
    "complex_ipde": 0.9155924916267395,
    "chains_ptm": {
        "0": 0.9883511066436768,
        "1": 0.9799038171768188,
        "2": 0.9755013585090637,
        "3": 0.0,
        "4": 0.9321677088737488
    },
    "pair_chains_iptm": {
        "0": {
            "0": 0.9883511066436768,
            "1": 0.7177489995956421,
            "2": 0.6570783853530884,
            "3": 0.0,
            "4": 0.8971384167671204
        },
        "1": {
            "0": 0.7190146446228027,
            "1": 0.9799038171768188,
            "2": 0.9061556458473206,
            "3": 0.0,
            "4": 0.6647233963012695
        },
        "2": {
            "0": 0.8103707432746887,
            "1": 0.9868817329406738,
            "2": 0.9755013585090637,
            "3": 0.0,
            "4": 0.7628722786903381
        },
        "3": {
            "0": 0.8237348794937134,
            "1": 0.9912609457969666,
            "2": 0.9617677330970764,
            "3": 0.0,
            "4": 0.7939524054527283
        },
        "4": {
            "0": 0.9492356777191162,
            "1": 0.8836751580238342,
            "2": 0.8209704160690308,
            "3": 0.0,
            "4": 0.9321677088737488
        }
    }
}