{
    "confidence_score": 0.9255458116531372,
    "ptm": 0.9014866352081299,
    "iptm": 0.8542103171348572,
    "ligand_iptm": 0.9417745471000671,
    "protein_iptm": 0.7986519932746887,
    "complex_plddt": 0.9433796405792236,
    "complex_iplddt": 0.9134489297866821,
    "complex_pde": 0.41700589656829834,
    "complex_ipde": 0.7613826394081116,
    "chains_ptm": {
        "0": 0.9885045289993286,
        "1": 0.9803966283798218,
        "2": 0.9763405919075012,
        "3": 0.0,
        "4": 0.951998233795166
    },
    "pair_chains_iptm": {
        "0": {
            "0": 0.9885045289993286,
            "1": 0.798320472240448,
            "2": 0.72945636510849,
            "3": 0.0,
            "4": 0.9098184704780579
        },
        "1": {
            "0": 0.7986519932746887,
            "1": 0.9803966283798218,
            "2": 0.9112581610679626,
            "3": 0.0,
            "4": 0.7499901056289673
        },
        "2": {
            "0": 0.8749592900276184,
            "1": 0.9882218837738037,
            "2": 0.9763405919075012,
            "3": 0.0,
            "4": 0.8330546021461487
        },
        "3": {
            "0": 0.8946635723114014,
            "1": 0.9923314452171326,
            "2": 0.9638189077377319,
            "3": 0.0,
            "4": 0.8645066618919373
        },
        "4": {
            "0": 0.9655554890632629,
            "1": 0.9211468696594238,
            "2": 0.859646737575531,
            "3": 0.0,
            "4": 0.951998233795166
        }
    }
}