{
    "confidence_score": 0.9154242873191833,
    "ptm": 0.8774279952049255,
    "iptm": 0.8160204291343689,
    "ligand_iptm": 0.9239668846130371,
    "protein_iptm": 0.7501611113548279,
    "complex_plddt": 0.940275251865387,
    "complex_iplddt": 0.9056247472763062,
    "complex_pde": 0.45619019865989685,
    "complex_ipde": 0.8773365616798401,
    "chains_ptm": {
        "0": 0.9881435632705688,
        "1": 0.9785842299461365,
        "2": 0.9743592739105225,
        "3": 0.0,
        "4": 0.9345406293869019
    },
    "pair_chains_iptm": {
        "0": {
            "0": 0.9881435632705688,
            "1": 0.7470905780792236,
            "2": 0.6835343837738037,
            "3": 0.0,
            "4": 0.8957968950271606
        },
        "1": {
            "0": 0.7501611113548279,
            "1": 0.9785842299461365,
            "2": 0.9018058180809021,
            "3": 0.0,
            "4": 0.696735680103302
        },
        "2": {
            "0": 0.8410587310791016,
            "1": 0.9865483641624451,
            "2": 0.9743592739105225,
            "3": 0.0,
            "4": 0.7900819182395935
        },
        "3": {
            "0": 0.8562943935394287,
            "1": 0.9914722442626953,
            "2": 0.9585509896278381,
            "3": 0.0,
            "4": 0.8233738541603088
        },
        "4": {
            "0": 0.9501165151596069,
            "1": 0.89609694480896,
            "2": 0.8312922716140747,
            "3": 0.0,
            "4": 0.9345406293869019
        }
    }
}