{
    "confidence_score": 0.9341076016426086,
    "ptm": 0.916729748249054,
    "iptm": 0.8756027817726135,
    "ligand_iptm": 0.94639652967453,
    "protein_iptm": 0.8303999304771423,
    "complex_plddt": 0.9487338066101074,
    "complex_iplddt": 0.9256038069725037,
    "complex_pde": 0.42378056049346924,
    "complex_ipde": 0.7745158076286316,
    "chains_ptm": {
        "0": 0.9885190725326538,
        "1": 0.9801633954048157,
        "2": 0.9765106439590454,
        "3": 0.0,
        "4": 0.9459679126739502
    },
    "pair_chains_iptm": {
        "0": {
            "0": 0.9885190725326538,
            "1": 0.8303999304771423,
            "2": 0.7573326826095581,
            "3": 0.0,
            "4": 0.9019362926483154
        },
        "1": {
            "0": 0.8296481966972351,
            "1": 0.9801633954048157,
            "2": 0.9077665209770203,
            "3": 0.0,
            "4": 0.7599872946739197
        },
        "2": {
            "0": 0.9004947543144226,
            "1": 0.9878111481666565,
            "2": 0.9765106439590454,
            "3": 0.0,
            "4": 0.8397255539894104
        },
        "3": {
            "0": 0.9146453142166138,
            "1": 0.9926433563232422,
            "2": 0.9655758738517761,
            "3": 0.0,
            "4": 0.8752513527870178
        },
        "4": {
            "0": 0.9622275233268738,
            "1": 0.9279707670211792,
            "2": 0.8570989370346069,
            "3": 0.0,
            "4": 0.9459679126739502
        }
    }
}