{
    "confidence_score": 0.9006132483482361,
    "ptm": 0.852275550365448,
    "iptm": 0.7770489454269409,
    "ligand_iptm": 0.8955948352813721,
    "protein_iptm": 0.7002408504486084,
    "complex_plddt": 0.9315043091773987,
    "complex_iplddt": 0.8848830461502075,
    "complex_pde": 0.5168759226799011,
    "complex_ipde": 1.0643906593322754,
    "chains_ptm": {
        "0": 0.9870600700378418,
        "1": 0.9757496118545532,
        "2": 0.9701624512672424,
        "3": 0.0,
        "4": 0.9146093130111694
    },
    "pair_chains_iptm": {
        "0": {
            "0": 0.9870600700378418,
            "1": 0.7002408504486084,
            "2": 0.6419209241867065,
            "3": 0.0,
            "4": 0.8581861853599548
        },
        "1": {
            "0": 0.6992749571800232,
            "1": 0.9757496118545532,
            "2": 0.8987168669700623,
            "3": 0.0,
            "4": 0.608208954334259
        },
        "2": {
            "0": 0.7974327802658081,
            "1": 0.9851229190826416,
            "2": 0.9701624512672424,
            "3": 0.0,
            "4": 0.7208815217018127
        },
        "3": {
            "0": 0.813281774520874,
            "1": 0.9898321628570557,
            "2": 0.9532061219215393,
            "3": 0.0,
            "4": 0.7702605128288269
        },
        "4": {
            "0": 0.9400949478149414,
            "1": 0.8506578803062439,
            "2": 0.8005028367042542,
            "3": 0.0,
            "4": 0.9146093130111694
        }
    }
}