{
    "confidence_score": 0.9570401310920715,
    "ptm": 0.9729401469230652,
    "iptm": 0.9434362053871155,
    "ligand_iptm": 0.9434362053871155,
    "protein_iptm": 0.0,
    "complex_plddt": 0.9604410529136658,
    "complex_iplddt": 0.9286216497421265,
    "complex_pde": 0.3405165374279022,
    "complex_ipde": 0.46316733956336975,
    "chains_ptm": {
        "0": 0.9865835905075073,
        "1": 0.9289320111274719
    },
    "pair_chains_iptm": {
        "0": {
            "0": 0.9865835905075073,
            "1": 0.910108208656311
        },
        "1": {
            "0": 0.9434362053871155,
            "1": 0.9289320111274719
        }
    }
}