{
    "confidence_score": 0.9619132876396179,
    "ptm": 0.9746896028518677,
    "iptm": 0.9475529193878174,
    "ligand_iptm": 0.9475529193878174,
    "protein_iptm": 0.0,
    "complex_plddt": 0.9655033946037292,
    "complex_iplddt": 0.9408237934112549,
    "complex_pde": 0.32871830463409424,
    "complex_ipde": 0.4388323426246643,
    "chains_ptm": {
        "0": 0.9868106842041016,
        "1": 0.9326751828193665
    },
    "pair_chains_iptm": {
        "0": {
            "0": 0.9868106842041016,
            "1": 0.9099693894386292
        },
        "1": {
            "0": 0.9475529193878174,
            "1": 0.9326751828193665
        }
    }
}