{
    "confidence_score": 0.9540538191795349,
    "ptm": 0.969734787940979,
    "iptm": 0.9362043738365173,
    "ligand_iptm": 0.9362043738365173,
    "protein_iptm": 0.0,
    "complex_plddt": 0.9585161209106445,
    "complex_iplddt": 0.9240170121192932,
    "complex_pde": 0.34852179884910583,
    "complex_ipde": 0.4841183125972748,
    "chains_ptm": {
        "0": 0.9850338101387024,
        "1": 0.9217523336410522
    },
    "pair_chains_iptm": {
        "0": {
            "0": 0.9850338101387024,
            "1": 0.9023479223251343
        },
        "1": {
            "0": 0.9362043738365173,
            "1": 0.9217523336410522
        }
    }
}