{
    "confidence_score": 0.9549164772033691,
    "ptm": 0.9705224633216858,
    "iptm": 0.938474178314209,
    "ligand_iptm": 0.938474178314209,
    "protein_iptm": 0.0,
    "complex_plddt": 0.9590270519256592,
    "complex_iplddt": 0.9257029891014099,
    "complex_pde": 0.34516096115112305,
    "complex_ipde": 0.4740793704986572,
    "chains_ptm": {
        "0": 0.9855812788009644,
        "1": 0.9223493933677673
    },
    "pair_chains_iptm": {
        "0": {
            "0": 0.9855812788009644,
            "1": 0.9024438858032227
        },
        "1": {
            "0": 0.938474178314209,
            "1": 0.9223493933677673
        }
    }
}