{
    "confidence_score": 0.9548328518867493,
    "ptm": 0.9742090106010437,
    "iptm": 0.945188045501709,
    "ligand_iptm": 0.945188045501709,
    "protein_iptm": 0.0,
    "complex_plddt": 0.9572440981864929,
    "complex_iplddt": 0.9221959710121155,
    "complex_pde": 0.3355480134487152,
    "complex_ipde": 0.451702743768692,
    "chains_ptm": {
        "0": 0.9871239066123962,
        "1": 0.9288701415061951
    },
    "pair_chains_iptm": {
        "0": {
            "0": 0.9871239066123962,
            "1": 0.9063953161239624
        },
        "1": {
            "0": 0.945188045501709,
            "1": 0.9288701415061951
        }
    }
}