{
    "confidence_score": 0.9605020880699158,
    "ptm": 0.974526584148407,
    "iptm": 0.9458363056182861,
    "ligand_iptm": 0.9458363056182861,
    "protein_iptm": 0.0,
    "complex_plddt": 0.9641685485839844,
    "complex_iplddt": 0.938829243183136,
    "complex_pde": 0.33252567052841187,
    "complex_ipde": 0.4424514174461365,
    "chains_ptm": {
        "0": 0.9874842166900635,
        "1": 0.9306069016456604
    },
    "pair_chains_iptm": {
        "0": {
            "0": 0.9874842166900635,
            "1": 0.9105198979377747
        },
        "1": {
            "0": 0.9458363056182861,
            "1": 0.9306069016456604
        }
    }
}