{
    "confidence_score": 0.9589456915855408,
    "ptm": 0.9703046679496765,
    "iptm": 0.938244640827179,
    "ligand_iptm": 0.938244640827179,
    "protein_iptm": 0.0,
    "complex_plddt": 0.9641209244728088,
    "complex_iplddt": 0.9374066591262817,
    "complex_pde": 0.3490093946456909,
    "complex_ipde": 0.47822555899620056,
    "chains_ptm": {
        "0": 0.9851157069206238,
        "1": 0.9221424460411072
    },
    "pair_chains_iptm": {
        "0": {
            "0": 0.9851157069206238,
            "1": 0.8981991410255432
        },
        "1": {
            "0": 0.938244640827179,
            "1": 0.9221424460411072
        }
    }
}