{
    "confidence_score": 0.9536434412002563,
    "ptm": 0.9690574407577515,
    "iptm": 0.9350953698158264,
    "ligand_iptm": 0.9350953698158264,
    "protein_iptm": 0.0,
    "complex_plddt": 0.9582803845405579,
    "complex_iplddt": 0.9230392575263977,
    "complex_pde": 0.35130539536476135,
    "complex_ipde": 0.49841055274009705,
    "chains_ptm": {
        "0": 0.9846664667129517,
        "1": 0.9211322665214539
    },
    "pair_chains_iptm": {
        "0": {
            "0": 0.9846664667129517,
            "1": 0.8992282152175903
        },
        "1": {
            "0": 0.9350953698158264,
            "1": 0.9211322665214539
        }
    }
}