{
    "confidence_score": 0.957312285900116,
    "ptm": 0.9714354872703552,
    "iptm": 0.9403865337371826,
    "ligand_iptm": 0.9403865337371826,
    "protein_iptm": 0.0,
    "complex_plddt": 0.9615437388420105,
    "complex_iplddt": 0.9311341643333435,
    "complex_pde": 0.34473302960395813,
    "complex_ipde": 0.47509995102882385,
    "chains_ptm": {
        "0": 0.9854841232299805,
        "1": 0.9246420860290527
    },
    "pair_chains_iptm": {
        "0": {
            "0": 0.9854841232299805,
            "1": 0.8996063470840454
        },
        "1": {
            "0": 0.9403865337371826,
            "1": 0.9246420860290527
        }
    }
}