{
    "confidence_score": 0.9578490257263184,
    "ptm": 0.9745118021965027,
    "iptm": 0.9472896456718445,
    "ligand_iptm": 0.9472896456718445,
    "protein_iptm": 0.0,
    "complex_plddt": 0.9604889154434204,
    "complex_iplddt": 0.9290450811386108,
    "complex_pde": 0.3304857909679413,
    "complex_ipde": 0.43346118927001953,
    "chains_ptm": {
        "0": 0.9869694709777832,
        "1": 0.9312499761581421
    },
    "pair_chains_iptm": {
        "0": {
            "0": 0.9869694709777832,
            "1": 0.9110704064369202
        },
        "1": {
            "0": 0.9472896456718445,
            "1": 0.9312499761581421
        }
    }
}