{
    "confidence_score": 0.95915287733078,
    "ptm": 0.9720569849014282,
    "iptm": 0.9403179883956909,
    "ligand_iptm": 0.9403179883956909,
    "protein_iptm": 0.0,
    "complex_plddt": 0.9638615846633911,
    "complex_iplddt": 0.9378169775009155,
    "complex_pde": 0.34266144037246704,
    "complex_ipde": 0.4638916552066803,
    "chains_ptm": {
        "0": 0.9863623976707458,
        "1": 0.9251089096069336
    },
    "pair_chains_iptm": {
        "0": {
            "0": 0.9863623976707458,
            "1": 0.906639814376831
        },
        "1": {
            "0": 0.9403179883956909,
            "1": 0.9251089096069336
        }
    }
}