{
    "confidence_score": 0.9563021063804626,
    "ptm": 0.971217930316925,
    "iptm": 0.9383034110069275,
    "ligand_iptm": 0.9383034110069275,
    "protein_iptm": 0.0,
    "complex_plddt": 0.9608017802238464,
    "complex_iplddt": 0.9297922849655151,
    "complex_pde": 0.34823039174079895,
    "complex_ipde": 0.4831831753253937,
    "chains_ptm": {
        "0": 0.986378014087677,
        "1": 0.9226470589637756
    },
    "pair_chains_iptm": {
        "0": {
            "0": 0.986378014087677,
            "1": 0.9034610390663147
        },
        "1": {
            "0": 0.9383034110069275,
            "1": 0.9226470589637756
        }
    }
}