{
    "confidence_score": 0.9591719508171082,
    "ptm": 0.9772704243659973,
    "iptm": 0.9510177373886108,
    "ligand_iptm": 0.9510177373886108,
    "protein_iptm": 0.0,
    "complex_plddt": 0.9612105488777161,
    "complex_iplddt": 0.9322267174720764,
    "complex_pde": 0.3250522315502167,
    "complex_ipde": 0.4179683029651642,
    "chains_ptm": {
        "0": 0.9890109300613403,
        "1": 0.9343977570533752
    },
    "pair_chains_iptm": {
        "0": {
            "0": 0.9890109300613403,
            "1": 0.9159671664237976
        },
        "1": {
            "0": 0.9510177373886108,
            "1": 0.9343977570533752
        }
    }
}