{
    "confidence_score": 0.9577431678771973,
    "ptm": 0.9695503115653992,
    "iptm": 0.9345175623893738,
    "ligand_iptm": 0.9345175623893738,
    "protein_iptm": 0.0,
    "complex_plddt": 0.9635496139526367,
    "complex_iplddt": 0.9359986186027527,
    "complex_pde": 0.3512228727340698,
    "complex_ipde": 0.48704543709754944,
    "chains_ptm": {
        "0": 0.9856809377670288,
        "1": 0.9185355305671692
    },
    "pair_chains_iptm": {
        "0": {
            "0": 0.9856809377670288,
            "1": 0.9005160927772522
        },
        "1": {
            "0": 0.9345175623893738,
            "1": 0.9185355305671692
        }
    }
}