{
    "confidence_score": 0.9550729990005493,
    "ptm": 0.9702357053756714,
    "iptm": 0.9358222484588623,
    "ligand_iptm": 0.9358222484588623,
    "protein_iptm": 0.0,
    "complex_plddt": 0.9598855972290039,
    "complex_iplddt": 0.9267829656600952,
    "complex_pde": 0.34977495670318604,
    "complex_ipde": 0.48659175634384155,
    "chains_ptm": {
        "0": 0.9860861897468567,
        "1": 0.9197336435317993
    },
    "pair_chains_iptm": {
        "0": {
            "0": 0.9860861897468567,
            "1": 0.9015597701072693
        },
        "1": {
            "0": 0.9358222484588623,
            "1": 0.9197336435317993
        }
    }
}