{
    "confidence_score": 0.9479755759239197,
    "ptm": 0.9727343320846558,
    "iptm": 0.9430951476097107,
    "ligand_iptm": 0.9430951476097107,
    "protein_iptm": 0.0,
    "complex_plddt": 0.9491956233978271,
    "complex_iplddt": 0.9055887460708618,
    "complex_pde": 0.33988624811172485,
    "complex_ipde": 0.4474107623100281,
    "chains_ptm": {
        "0": 0.9863200187683105,
        "1": 0.9270524382591248
    },
    "pair_chains_iptm": {
        "0": {
            "0": 0.9863200187683105,
            "1": 0.9075201749801636
        },
        "1": {
            "0": 0.9430951476097107,
            "1": 0.9270524382591248
        }
    }
}