{
    "confidence_score": 0.9588285684585571,
    "ptm": 0.9747726321220398,
    "iptm": 0.9474043250083923,
    "ligand_iptm": 0.9474043250083923,
    "protein_iptm": 0.0,
    "complex_plddt": 0.9616846442222595,
    "complex_iplddt": 0.9318724870681763,
    "complex_pde": 0.3291206657886505,
    "complex_ipde": 0.43298131227493286,
    "chains_ptm": {
        "0": 0.9871962070465088,
        "1": 0.9317668676376343
    },
    "pair_chains_iptm": {
        "0": {
            "0": 0.9871962070465088,
            "1": 0.9101425409317017
        },
        "1": {
            "0": 0.9474043250083923,
            "1": 0.9317668676376343
        }
    }
}