{
    "confidence_score": 0.955494225025177,
    "ptm": 0.9716739654541016,
    "iptm": 0.9403066039085388,
    "ligand_iptm": 0.9403066039085388,
    "protein_iptm": 0.0,
    "complex_plddt": 0.9592911601066589,
    "complex_iplddt": 0.9263163208961487,
    "complex_pde": 0.33990025520324707,
    "complex_ipde": 0.46228182315826416,
    "chains_ptm": {
        "0": 0.9861553907394409,
        "1": 0.9246068596839905
    },
    "pair_chains_iptm": {
        "0": {
            "0": 0.9861553907394409,
            "1": 0.9052726030349731
        },
        "1": {
            "0": 0.9403066039085388,
            "1": 0.9246068596839905
        }
    }
}