{
    "confidence_score": 0.9554080963134766,
    "ptm": 0.9681373238563538,
    "iptm": 0.930343747138977,
    "ligand_iptm": 0.930343747138977,
    "protein_iptm": 0.0,
    "complex_plddt": 0.961674153804779,
    "complex_iplddt": 0.9317558407783508,
    "complex_pde": 0.3586367666721344,
    "complex_ipde": 0.5039025545120239,
    "chains_ptm": {
        "0": 0.9853748083114624,
        "1": 0.9145129323005676
    },
    "pair_chains_iptm": {
        "0": {
            "0": 0.9853748083114624,
            "1": 0.8992995619773865
        },
        "1": {
            "0": 0.930343747138977,
            "1": 0.9145129323005676
        }
    }
}