{
    "confidence_score": 0.957103431224823,
    "ptm": 0.9733569622039795,
    "iptm": 0.9433351159095764,
    "ligand_iptm": 0.9433351159095764,
    "protein_iptm": 0.0,
    "complex_plddt": 0.9605454802513123,
    "complex_iplddt": 0.9293795228004456,
    "complex_pde": 0.33803460001945496,
    "complex_ipde": 0.4587412476539612,
    "chains_ptm": {
        "0": 0.986890971660614,
        "1": 0.9277567267417908
    },
    "pair_chains_iptm": {
        "0": {
            "0": 0.986890971660614,
            "1": 0.9074946045875549
        },
        "1": {
            "0": 0.9433351159095764,
            "1": 0.9277567267417908
        }
    }
}