{
    "confidence_score": 0.9575173258781433,
    "ptm": 0.9711193442344666,
    "iptm": 0.9384816884994507,
    "ligand_iptm": 0.9384816884994507,
    "protein_iptm": 0.0,
    "complex_plddt": 0.9622762799263,
    "complex_iplddt": 0.932843029499054,
    "complex_pde": 0.3442026674747467,
    "complex_ipde": 0.4655463993549347,
    "chains_ptm": {
        "0": 0.9861336946487427,
        "1": 0.9216575026512146
    },
    "pair_chains_iptm": {
        "0": {
            "0": 0.9861336946487427,
            "1": 0.9035001993179321
        },
        "1": {
            "0": 0.9384816884994507,
            "1": 0.9216575026512146
        }
    }
}