{
    "confidence_score": 0.9597054719924927,
    "ptm": 0.9697442650794983,
    "iptm": 0.9358997941017151,
    "ligand_iptm": 0.9358997941017151,
    "protein_iptm": 0.0,
    "complex_plddt": 0.9656568765640259,
    "complex_iplddt": 0.9415691494941711,
    "complex_pde": 0.3532252013683319,
    "complex_ipde": 0.48783448338508606,
    "chains_ptm": {
        "0": 0.985342264175415,
        "1": 0.9194397926330566
    },
    "pair_chains_iptm": {
        "0": {
            "0": 0.985342264175415,
            "1": 0.8990593552589417
        },
        "1": {
            "0": 0.9358997941017151,
            "1": 0.9194397926330566
        }
    }
}