{
    "confidence_score": 0.9596047401428223,
    "ptm": 0.969981849193573,
    "iptm": 0.934653103351593,
    "ligand_iptm": 0.934653103351593,
    "protein_iptm": 0.0,
    "complex_plddt": 0.9658426642417908,
    "complex_iplddt": 0.941844642162323,
    "complex_pde": 0.3513514995574951,
    "complex_ipde": 0.48516324162483215,
    "chains_ptm": {
        "0": 0.9858722686767578,
        "1": 0.9185085892677307
    },
    "pair_chains_iptm": {
        "0": {
            "0": 0.9858722686767578,
            "1": 0.9012656211853027
        },
        "1": {
            "0": 0.934653103351593,
            "1": 0.9185085892677307
        }
    }
}