{
    "confidence_score": 0.9570819735527039,
    "ptm": 0.9739686846733093,
    "iptm": 0.9457738995552063,
    "ligand_iptm": 0.9457738995552063,
    "protein_iptm": 0.0,
    "complex_plddt": 0.9599089622497559,
    "complex_iplddt": 0.9277021288871765,
    "complex_pde": 0.3338647782802582,
    "complex_ipde": 0.44390979409217834,
    "chains_ptm": {
        "0": 0.9869935512542725,
        "1": 0.9296993017196655
    },
    "pair_chains_iptm": {
        "0": {
            "0": 0.9869935512542725,
            "1": 0.9095047116279602
        },
        "1": {
            "0": 0.9457738995552063,
            "1": 0.9296993017196655
        }
    }
}