{
    "confidence_score": 0.9555050134658813,
    "ptm": 0.9713841676712036,
    "iptm": 0.9376540780067444,
    "ligand_iptm": 0.9376540780067444,
    "protein_iptm": 0.0,
    "complex_plddt": 0.9599677324295044,
    "complex_iplddt": 0.9277176260948181,
    "complex_pde": 0.34793621301651,
    "complex_ipde": 0.47758617997169495,
    "chains_ptm": {
        "0": 0.9865626096725464,
        "1": 0.9224152565002441
    },
    "pair_chains_iptm": {
        "0": {
            "0": 0.9865626096725464,
            "1": 0.9054328203201294
        },
        "1": {
            "0": 0.9376540780067444,
            "1": 0.9224152565002441
        }
    }
}