{
    "confidence_score": 0.9163646697998047,
    "ptm": 0.8826002478599548,
    "iptm": 0.8244880437850952,
    "ligand_iptm": 0.9294551014900208,
    "protein_iptm": 0.7593779563903809,
    "complex_plddt": 0.9393337965011597,
    "complex_iplddt": 0.9051783680915833,
    "complex_pde": 0.44603848457336426,
    "complex_ipde": 0.8504002690315247,
    "chains_ptm": {
        "0": 0.9880854487419128,
        "1": 0.9777188301086426,
        "2": 0.9740575551986694,
        "3": 0.0,
        "4": 0.9417422413825989
    },
    "pair_chains_iptm": {
        "0": {
            "0": 0.9880854487419128,
            "1": 0.7574607133865356,
            "2": 0.6779912114143372,
            "3": 0.0,
            "4": 0.9021902680397034
        },
        "1": {
            "0": 0.7593779563903809,
            "1": 0.9777188301086426,
            "2": 0.8739989995956421,
            "3": 0.0,
            "4": 0.7103497385978699
        },
        "2": {
            "0": 0.8427499532699585,
            "1": 0.9871428608894348,
            "2": 0.9740575551986694,
            "3": 0.0,
            "4": 0.8005244135856628
        },
        "3": {
            "0": 0.8676535487174988,
            "1": 0.9912455081939697,
            "2": 0.955650806427002,
            "3": 0.0,
            "4": 0.8361525535583496
        },
        "4": {
            "0": 0.9571244716644287,
            "1": 0.9038037061691284,
            "2": 0.826325535774231,
            "3": 0.0,
            "4": 0.9417422413825989
        }
    }
}