{
    "confidence_score": 0.9202103614807129,
    "ptm": 0.8738385438919067,
    "iptm": 0.810955286026001,
    "ligand_iptm": 0.9253303408622742,
    "protein_iptm": 0.7402184009552002,
    "complex_plddt": 0.9475241303443909,
    "complex_iplddt": 0.9201347827911377,
    "complex_pde": 0.46060818433761597,
    "complex_ipde": 0.9120907187461853,
    "chains_ptm": {
        "0": 0.9877432584762573,
        "1": 0.980417013168335,
        "2": 0.9754779934883118,
        "3": 0.0,
        "4": 0.9383999705314636
    },
    "pair_chains_iptm": {
        "0": {
            "0": 0.9877432584762573,
            "1": 0.7387756705284119,
            "2": 0.6717271208763123,
            "3": 0.0,
            "4": 0.8982293009757996
        },
        "1": {
            "0": 0.7402184009552002,
            "1": 0.980417013168335,
            "2": 0.9035645723342896,
            "3": 0.0,
            "4": 0.6891575455665588
        },
        "2": {
            "0": 0.8289368748664856,
            "1": 0.987396776676178,
            "2": 0.9754779934883118,
            "3": 0.0,
            "4": 0.7806165218353271
        },
        "3": {
            "0": 0.8448918461799622,
            "1": 0.9912617802619934,
            "2": 0.9579184651374817,
            "3": 0.0,
            "4": 0.8154865503311157
        },
        "4": {
            "0": 0.9534354209899902,
            "1": 0.897598922252655,
            "2": 0.8329325914382935,
            "3": 0.0,
            "4": 0.9383999705314636
        }
    }
}