{
    "confidence_score": 0.9262299537658691,
    "ptm": 0.9061239361763,
    "iptm": 0.8609427213668823,
    "ligand_iptm": 0.9421777725219727,
    "protein_iptm": 0.809292733669281,
    "complex_plddt": 0.9425517916679382,
    "complex_iplddt": 0.9123677015304565,
    "complex_pde": 0.4288369119167328,
    "complex_ipde": 0.793380856513977,
    "chains_ptm": {
        "0": 0.9877347946166992,
        "1": 0.979670524597168,
        "2": 0.9764626622200012,
        "3": 0.0,
        "4": 0.9450210332870483
    },
    "pair_chains_iptm": {
        "0": {
            "0": 0.9877347946166992,
            "1": 0.809292733669281,
            "2": 0.7346315383911133,
            "3": 0.0,
            "4": 0.8990564346313477
        },
        "1": {
            "0": 0.8079788088798523,
            "1": 0.979670524597168,
            "2": 0.9078458547592163,
            "3": 0.0,
            "4": 0.7460818886756897
        },
        "2": {
            "0": 0.8804852366447449,
            "1": 0.9875838756561279,
            "2": 0.9764626622200012,
            "3": 0.0,
            "4": 0.8264502882957458
        },
        "3": {
            "0": 0.8959386348724365,
            "1": 0.9921237230300903,
            "2": 0.9629782438278198,
            "3": 0.0,
            "4": 0.8628255128860474
        },
        "4": {
            "0": 0.960275411605835,
            "1": 0.9219354391098022,
            "2": 0.8564662337303162,
            "3": 0.0,
            "4": 0.9450210332870483
        }
    }
}