{
    "confidence_score": 0.9101137518882751,
    "ptm": 0.8588835597038269,
    "iptm": 0.7846750617027283,
    "ligand_iptm": 0.9080619812011719,
    "protein_iptm": 0.7110692858695984,
    "complex_plddt": 0.9414733648300171,
    "complex_iplddt": 0.9082918167114258,
    "complex_pde": 0.49025410413742065,
    "complex_ipde": 1.0016275644302368,
    "chains_ptm": {
        "0": 0.9879206418991089,
        "1": 0.9791114330291748,
        "2": 0.9748149514198303,
        "3": 0.0,
        "4": 0.9273766279220581
    },
    "pair_chains_iptm": {
        "0": {
            "0": 0.9879206418991089,
            "1": 0.7073841691017151,
            "2": 0.6472881436347961,
            "3": 0.0,
            "4": 0.8866598606109619
        },
        "1": {
            "0": 0.7110692858695984,
            "1": 0.9791114330291748,
            "2": 0.9001245498657227,
            "3": 0.0,
            "4": 0.6511397957801819
        },
        "2": {
            "0": 0.8114849328994751,
            "1": 0.9867066144943237,
            "2": 0.9748149514198303,
            "3": 0.0,
            "4": 0.7537132501602173
        },
        "3": {
            "0": 0.8224627375602722,
            "1": 0.9904382824897766,
            "2": 0.955639123916626,
            "3": 0.0,
            "4": 0.7843053340911865
        },
        "4": {
            "0": 0.945745587348938,
            "1": 0.8728647232055664,
            "2": 0.8106249570846558,
            "3": 0.0,
            "4": 0.9273766279220581
        }
    }
}