{
    "confidence_score": 0.9143458604812622,
    "ptm": 0.8856353163719177,
    "iptm": 0.8298835158348083,
    "ligand_iptm": 0.9349486231803894,
    "protein_iptm": 0.7664235234260559,
    "complex_plddt": 0.9354614615440369,
    "complex_iplddt": 0.8951860070228577,
    "complex_pde": 0.43788716197013855,
    "complex_ipde": 0.8190414905548096,
    "chains_ptm": {
        "0": 0.9881930947303772,
        "1": 0.9803768992424011,
        "2": 0.9751489758491516,
        "3": 0.0,
        "4": 0.9403005242347717
    },
    "pair_chains_iptm": {
        "0": {
            "0": 0.9881930947303772,
            "1": 0.7661752700805664,
            "2": 0.6995223164558411,
            "3": 0.0,
            "4": 0.898331344127655
        },
        "1": {
            "0": 0.7664235234260559,
            "1": 0.9803768992424011,
            "2": 0.9078751802444458,
            "3": 0.0,
            "4": 0.7185205221176147
        },
        "2": {
            "0": 0.845145046710968,
            "1": 0.9873172044754028,
            "2": 0.9751489758491516,
            "3": 0.0,
            "4": 0.80451500415802
        },
        "3": {
            "0": 0.8673961758613586,
            "1": 0.992229700088501,
            "2": 0.9618513584136963,
            "3": 0.0,
            "4": 0.8430598378181458
        },
        "4": {
            "0": 0.9542824029922485,
            "1": 0.9114677906036377,
            "2": 0.8473873138427734,
            "3": 0.0,
            "4": 0.9403005242347717
        }
    }
}