{
    "confidence_score": 0.7158063650131226,
    "ptm": 0.7529051303863525,
    "iptm": 0.0,
    "ligand_iptm": 0.0,
    "protein_iptm": 0.0,
    "complex_plddt": 0.7065316438674927,
    "complex_iplddt": 0.7065315842628479,
    "complex_pde": 0.5002806782722473,
    "complex_ipde": 0.0,
    "chains_ptm": {
        "0": 0.7529051303863525
    },
    "pair_chains_iptm": {
        "0": {
            "0": 0.7529051303863525
        }
    }
}