{
    "confidence_score": 0.7178210616111755,
    "ptm": 0.6935474276542664,
    "iptm": 0.0,
    "ligand_iptm": 0.0,
    "protein_iptm": 0.0,
    "complex_plddt": 0.7238894701004028,
    "complex_iplddt": 0.7238894701004028,
    "complex_pde": 0.7189443111419678,
    "complex_ipde": 0.0,
    "chains_ptm": {
        "0": 0.6935474276542664
    },
    "pair_chains_iptm": {
        "0": {
            "0": 0.6935474276542664
        }
    }
}