{
    "confidence_score": 0.715386688709259,
    "ptm": 0.7471221685409546,
    "iptm": 0.0,
    "ligand_iptm": 0.0,
    "protein_iptm": 0.0,
    "complex_plddt": 0.7074527740478516,
    "complex_iplddt": 0.7074527144432068,
    "complex_pde": 0.49939996004104614,
    "complex_ipde": 0.0,
    "chains_ptm": {
        "0": 0.7471221685409546
    },
    "pair_chains_iptm": {
        "0": {
            "0": 0.7471221685409546
        }
    }
}