{
    "confidence_score": 0.7133948802947998,
    "ptm": 0.7367672324180603,
    "iptm": 0.0,
    "ligand_iptm": 0.0,
    "protein_iptm": 0.0,
    "complex_plddt": 0.7075517773628235,
    "complex_iplddt": 0.7075517773628235,
    "complex_pde": 0.512631356716156,
    "complex_ipde": 0.0,
    "chains_ptm": {
        "0": 0.7367672324180603
    },
    "pair_chains_iptm": {
        "0": {
            "0": 0.7367672324180603
        }
    }
}