{
    "confidence_score": 0.720891535282135,
    "ptm": 0.7423014640808105,
    "iptm": 0.0,
    "ligand_iptm": 0.0,
    "protein_iptm": 0.0,
    "complex_plddt": 0.7155390381813049,
    "complex_iplddt": 0.7155390381813049,
    "complex_pde": 0.5338034629821777,
    "complex_ipde": 0.0,
    "chains_ptm": {
        "0": 0.7423014640808105
    },
    "pair_chains_iptm": {
        "0": {
            "0": 0.7423014640808105
        }
    }
}