{
    "confidence_score": 0.7248559594154358,
    "ptm": 0.7135880589485168,
    "iptm": 0.0,
    "ligand_iptm": 0.0,
    "protein_iptm": 0.0,
    "complex_plddt": 0.7276729345321655,
    "complex_iplddt": 0.7276729345321655,
    "complex_pde": 0.6494418382644653,
    "complex_ipde": 0.0,
    "chains_ptm": {
        "0": 0.7135880589485168
    },
    "pair_chains_iptm": {
        "0": {
            "0": 0.7135880589485168
        }
    }
}