{
    "confidence_score": 0.7240126132965088,
    "ptm": 0.7381818890571594,
    "iptm": 0.0,
    "ligand_iptm": 0.0,
    "protein_iptm": 0.0,
    "complex_plddt": 0.7204703092575073,
    "complex_iplddt": 0.7204703688621521,
    "complex_pde": 0.5231866240501404,
    "complex_ipde": 0.0,
    "chains_ptm": {
        "0": 0.7381818890571594
    },
    "pair_chains_iptm": {
        "0": {
            "0": 0.7381818890571594
        }
    }
}