{
    "confidence_score": 0.7138509154319763,
    "ptm": 0.7573150396347046,
    "iptm": 0.0,
    "ligand_iptm": 0.0,
    "protein_iptm": 0.0,
    "complex_plddt": 0.7029848694801331,
    "complex_iplddt": 0.7029848694801331,
    "complex_pde": 0.4814632534980774,
    "complex_ipde": 0.0,
    "chains_ptm": {
        "0": 0.7573150396347046
    },
    "pair_chains_iptm": {
        "0": {
            "0": 0.7573150396347046
        }
    }
}