{
    "confidence_score": 0.7162243127822876,
    "ptm": 0.753564178943634,
    "iptm": 0.0,
    "ligand_iptm": 0.0,
    "protein_iptm": 0.0,
    "complex_plddt": 0.7068893313407898,
    "complex_iplddt": 0.706889271736145,
    "complex_pde": 0.4904087483882904,
    "complex_ipde": 0.0,
    "chains_ptm": {
        "0": 0.753564178943634
    },
    "pair_chains_iptm": {
        "0": {
            "0": 0.753564178943634
        }
    }
}