{
    "confidence_score": 0.7170010805130005,
    "ptm": 0.7332252860069275,
    "iptm": 0.0,
    "ligand_iptm": 0.0,
    "protein_iptm": 0.0,
    "complex_plddt": 0.7129449844360352,
    "complex_iplddt": 0.7129449844360352,
    "complex_pde": 0.5303378701210022,
    "complex_ipde": 0.0,
    "chains_ptm": {
        "0": 0.7332252860069275
    },
    "pair_chains_iptm": {
        "0": {
            "0": 0.7332252860069275
        }
    }
}