{
    "confidence_score": 0.7156369090080261,
    "ptm": 0.7367773652076721,
    "iptm": 0.0,
    "ligand_iptm": 0.0,
    "protein_iptm": 0.0,
    "complex_plddt": 0.710351824760437,
    "complex_iplddt": 0.7103517055511475,
    "complex_pde": 0.5427769422531128,
    "complex_ipde": 0.0,
    "chains_ptm": {
        "0": 0.7367773652076721
    },
    "pair_chains_iptm": {
        "0": {
            "0": 0.7367773652076721
        }
    }
}