{
    "confidence_score": 0.7211004495620728,
    "ptm": 0.7386858463287354,
    "iptm": 0.0,
    "ligand_iptm": 0.0,
    "protein_iptm": 0.0,
    "complex_plddt": 0.7167040705680847,
    "complex_iplddt": 0.7167040705680847,
    "complex_pde": 0.5082941651344299,
    "complex_ipde": 0.0,
    "chains_ptm": {
        "0": 0.7386858463287354
    },
    "pair_chains_iptm": {
        "0": {
            "0": 0.7386858463287354
        }
    }
}