{
    "confidence_score": 0.7165068984031677,
    "ptm": 0.7423236966133118,
    "iptm": 0.0,
    "ligand_iptm": 0.0,
    "protein_iptm": 0.0,
    "complex_plddt": 0.7100527286529541,
    "complex_iplddt": 0.7100527286529541,
    "complex_pde": 0.5303648710250854,
    "complex_ipde": 0.0,
    "chains_ptm": {
        "0": 0.7423236966133118
    },
    "pair_chains_iptm": {
        "0": {
            "0": 0.7423236966133118
        }
    }
}