{
    "confidence_score": 0.711113452911377,
    "ptm": 0.7526132464408875,
    "iptm": 0.0,
    "ligand_iptm": 0.0,
    "protein_iptm": 0.0,
    "complex_plddt": 0.7007384896278381,
    "complex_iplddt": 0.7007384300231934,
    "complex_pde": 0.4831577241420746,
    "complex_ipde": 0.0,
    "chains_ptm": {
        "0": 0.7526132464408875
    },
    "pair_chains_iptm": {
        "0": {
            "0": 0.7526132464408875
        }
    }
}