{
    "confidence_score": 0.7169243693351746,
    "ptm": 0.7474527359008789,
    "iptm": 0.0,
    "ligand_iptm": 0.0,
    "protein_iptm": 0.0,
    "complex_plddt": 0.7092922329902649,
    "complex_iplddt": 0.7092922329902649,
    "complex_pde": 0.5036026239395142,
    "complex_ipde": 0.0,
    "chains_ptm": {
        "0": 0.7474527359008789
    },
    "pair_chains_iptm": {
        "0": {
            "0": 0.7474527359008789
        }
    }
}