{
    "confidence_score": 0.7136899828910828,
    "ptm": 0.7435131669044495,
    "iptm": 0.0,
    "ligand_iptm": 0.0,
    "protein_iptm": 0.0,
    "complex_plddt": 0.7062341570854187,
    "complex_iplddt": 0.7062340974807739,
    "complex_pde": 0.5082868933677673,
    "complex_ipde": 0.0,
    "chains_ptm": {
        "0": 0.7435131669044495
    },
    "pair_chains_iptm": {
        "0": {
            "0": 0.7435131669044495
        }
    }
}