{
    "confidence_score": 0.7121931314468384,
    "ptm": 0.7501877546310425,
    "iptm": 0.0,
    "ligand_iptm": 0.0,
    "protein_iptm": 0.0,
    "complex_plddt": 0.7026944756507874,
    "complex_iplddt": 0.7026944160461426,
    "complex_pde": 0.4989849925041199,
    "complex_ipde": 0.0,
    "chains_ptm": {
        "0": 0.7501877546310425
    },
    "pair_chains_iptm": {
        "0": {
            "0": 0.7501877546310425
        }
    }
}