{
    "confidence_score": 0.7194820642471313,
    "ptm": 0.7353085279464722,
    "iptm": 0.0,
    "ligand_iptm": 0.0,
    "protein_iptm": 0.0,
    "complex_plddt": 0.7155253887176514,
    "complex_iplddt": 0.7155253291130066,
    "complex_pde": 0.530864417552948,
    "complex_ipde": 0.0,
    "chains_ptm": {
        "0": 0.7353085279464722
    },
    "pair_chains_iptm": {
        "0": {
            "0": 0.7353085279464722
        }
    }
}