{
    "confidence_score": 0.7133685946464539,
    "ptm": 0.7541304230690002,
    "iptm": 0.0,
    "ligand_iptm": 0.0,
    "protein_iptm": 0.0,
    "complex_plddt": 0.7031781077384949,
    "complex_iplddt": 0.7031779885292053,
    "complex_pde": 0.4923013746738434,
    "complex_ipde": 0.0,
    "chains_ptm": {
        "0": 0.7541304230690002
    },
    "pair_chains_iptm": {
        "0": {
            "0": 0.7541304230690002
        }
    }
}