{
    "confidence_score": 0.7218498587608337,
    "ptm": 0.7126485109329224,
    "iptm": 0.0,
    "ligand_iptm": 0.0,
    "protein_iptm": 0.0,
    "complex_plddt": 0.7241501212120056,
    "complex_iplddt": 0.7241501808166504,
    "complex_pde": 0.6391124129295349,
    "complex_ipde": 0.0,
    "chains_ptm": {
        "0": 0.7126485109329224
    },
    "pair_chains_iptm": {
        "0": {
            "0": 0.7126485109329224
        }
    }
}