{
    "confidence_score": 0.7118763327598572,
    "ptm": 0.7533373236656189,
    "iptm": 0.0,
    "ligand_iptm": 0.0,
    "protein_iptm": 0.0,
    "complex_plddt": 0.701511025428772,
    "complex_iplddt": 0.701511025428772,
    "complex_pde": 0.49111419916152954,
    "complex_ipde": 0.0,
    "chains_ptm": {
        "0": 0.7533373236656189
    },
    "pair_chains_iptm": {
        "0": {
            "0": 0.7533373236656189
        }
    }
}