{
    "confidence_score": 0.7157046794891357,
    "ptm": 0.7417945861816406,
    "iptm": 0.0,
    "ligand_iptm": 0.0,
    "protein_iptm": 0.0,
    "complex_plddt": 0.7091822028160095,
    "complex_iplddt": 0.7091822028160095,
    "complex_pde": 0.5131825804710388,
    "complex_ipde": 0.0,
    "chains_ptm": {
        "0": 0.7417945861816406
    },
    "pair_chains_iptm": {
        "0": {
            "0": 0.7417945861816406
        }
    }
}