{
    "confidence_score": 0.7241089940071106,
    "ptm": 0.7435926795005798,
    "iptm": 0.0,
    "ligand_iptm": 0.0,
    "protein_iptm": 0.0,
    "complex_plddt": 0.7192380428314209,
    "complex_iplddt": 0.7192381024360657,
    "complex_pde": 0.5186998248100281,
    "complex_ipde": 0.0,
    "chains_ptm": {
        "0": 0.7435926795005798
    },
    "pair_chains_iptm": {
        "0": {
            "0": 0.7435926795005798
        }
    }
}