{
    "confidence_score": 0.7236398458480835,
    "ptm": 0.7444847226142883,
    "iptm": 0.0,
    "ligand_iptm": 0.0,
    "protein_iptm": 0.0,
    "complex_plddt": 0.7184286117553711,
    "complex_iplddt": 0.7184286117553711,
    "complex_pde": 0.5137386918067932,
    "complex_ipde": 0.0,
    "chains_ptm": {
        "0": 0.7444847226142883
    },
    "pair_chains_iptm": {
        "0": {
            "0": 0.7444847226142883
        }
    }
}