{
    "confidence_score": 0.7158312201499939,
    "ptm": 0.7518725991249084,
    "iptm": 0.0,
    "ligand_iptm": 0.0,
    "protein_iptm": 0.0,
    "complex_plddt": 0.7068208456039429,
    "complex_iplddt": 0.7068207859992981,
    "complex_pde": 0.4945324659347534,
    "complex_ipde": 0.0,
    "chains_ptm": {
        "0": 0.7518725991249084
    },
    "pair_chains_iptm": {
        "0": {
            "0": 0.7518725991249084
        }
    }
}