{
    "confidence_score": 0.9275833964347839,
    "ptm": 0.9014844298362732,
    "iptm": 0.853455662727356,
    "ligand_iptm": 0.942798912525177,
    "protein_iptm": 0.7964580655097961,
    "complex_plddt": 0.9461153745651245,
    "complex_iplddt": 0.9215772151947021,
    "complex_pde": 0.41840365529060364,
    "complex_ipde": 0.7819844484329224,
    "chains_ptm": {
        "0": 0.9887178540229797,
        "1": 0.9838001132011414,
        "2": 0.9810868501663208,
        "3": 0.0,
        "4": 0.9517152309417725
    },
    "pair_chains_iptm": {
        "0": {
            "0": 0.9887178540229797,
            "1": 0.7964580655097961,
            "2": 0.7217944860458374,
            "3": 0.0,
            "4": 0.9138979911804199
        },
        "1": {
            "0": 0.7947009801864624,
            "1": 0.9838001132011414,
            "2": 0.9021881818771362,
            "3": 0.0,
            "4": 0.746734082698822
        },
        "2": {
            "0": 0.8727254271507263,
            "1": 0.9899478554725647,
            "2": 0.9810868501663208,
            "3": 0.0,
            "4": 0.8266688585281372
        },
        "3": {
            "0": 0.8889883160591125,
            "1": 0.9938977956771851,
            "2": 0.9747006893157959,
            "3": 0.0,
            "4": 0.857692539691925
        },
        "4": {
            "0": 0.9644405245780945,
            "1": 0.922684371471405,
            "2": 0.8607004284858704,
            "3": 0.0,
            "4": 0.9517152309417725
        }
    }
}