{
    "confidence_score": 0.9313448071479797,
    "ptm": 0.8983224630355835,
    "iptm": 0.8499858975410461,
    "ligand_iptm": 0.9417978525161743,
    "protein_iptm": 0.7924816608428955,
    "complex_plddt": 0.9516844749450684,
    "complex_iplddt": 0.9294782876968384,
    "complex_pde": 0.4244920611381531,
    "complex_ipde": 0.7700991034507751,
    "chains_ptm": {
        "0": 0.9880496859550476,
        "1": 0.9799597859382629,
        "2": 0.9734684824943542,
        "3": 0.0,
        "4": 0.9443636536598206
    },
    "pair_chains_iptm": {
        "0": {
            "0": 0.9880496859550476,
            "1": 0.7924816608428955,
            "2": 0.7200614809989929,
            "3": 0.0,
            "4": 0.9030393362045288
        },
        "1": {
            "0": 0.7916573882102966,
            "1": 0.9799597859382629,
            "2": 0.9069366455078125,
            "3": 0.0,
            "4": 0.7393411993980408
        },
        "2": {
            "0": 0.8626514673233032,
            "1": 0.9879835247993469,
            "2": 0.9734684824943542,
            "3": 0.0,
            "4": 0.8214051723480225
        },
        "3": {
            "0": 0.8812906742095947,
            "1": 0.9923617243766785,
            "2": 0.9599713087081909,
            "3": 0.0,
            "4": 0.856745183467865
        },
        "4": {
            "0": 0.9583373665809631,
            "1": 0.9212520122528076,
            "2": 0.8563926815986633,
            "3": 0.0,
            "4": 0.9443636536598206
        }
    }
}