{
    "confidence_score": 0.9214106798171997,
    "ptm": 0.8932967782020569,
    "iptm": 0.8421944975852966,
    "ligand_iptm": 0.9424937963485718,
    "protein_iptm": 0.7842355966567993,
    "complex_plddt": 0.9412146806716919,
    "complex_iplddt": 0.9048892259597778,
    "complex_pde": 0.42461156845092773,
    "complex_ipde": 0.7831349968910217,
    "chains_ptm": {
        "0": 0.9879953861236572,
        "1": 0.9805737733840942,
        "2": 0.9756768941879272,
        "3": 0.0,
        "4": 0.9441149234771729
    },
    "pair_chains_iptm": {
        "0": {
            "0": 0.9879953861236572,
            "1": 0.7794790863990784,
            "2": 0.713295578956604,
            "3": 0.0,
            "4": 0.8978247046470642
        },
        "1": {
            "0": 0.7842355966567993,
            "1": 0.9805737733840942,
            "2": 0.9113313555717468,
            "3": 0.0,
            "4": 0.7310113906860352
        },
        "2": {
            "0": 0.86067134141922,
            "1": 0.9881421327590942,
            "2": 0.9756768941879272,
            "3": 0.0,
            "4": 0.8172804713249207
        },
        "3": {
            "0": 0.8820146918296814,
            "1": 0.9929415583610535,
            "2": 0.9613770842552185,
            "3": 0.0,
            "4": 0.8512892127037048
        },
        "4": {
            "0": 0.9581538438796997,
            "1": 0.9221481084823608,
            "2": 0.8575875163078308,
            "3": 0.0,
            "4": 0.9441149234771729
        }
    }
}