{
    "confidence_score": 0.9166523218154907,
    "ptm": 0.8871757388114929,
    "iptm": 0.8302325010299683,
    "ligand_iptm": 0.9332379102706909,
    "protein_iptm": 0.7654668688774109,
    "complex_plddt": 0.9382572174072266,
    "complex_iplddt": 0.9039190411567688,
    "complex_pde": 0.4441484212875366,
    "complex_ipde": 0.8584484457969666,
    "chains_ptm": {
        "0": 0.9885153770446777,
        "1": 0.9824273586273193,
        "2": 0.9792268872261047,
        "3": 0.0,
        "4": 0.9366267919540405
    },
    "pair_chains_iptm": {
        "0": {
            "0": 0.9885153770446777,
            "1": 0.7654668688774109,
            "2": 0.7052483558654785,
            "3": 0.0,
            "4": 0.8970571160316467
        },
        "1": {
            "0": 0.7622383832931519,
            "1": 0.9824273586273193,
            "2": 0.9217192530632019,
            "3": 0.0,
            "4": 0.712104320526123
        },
        "2": {
            "0": 0.8471670746803284,
            "1": 0.9893285632133484,
            "2": 0.9792268872261047,
            "3": 0.0,
            "4": 0.7947995662689209
        },
        "3": {
            "0": 0.8593139052391052,
            "1": 0.9933622479438782,
            "2": 0.9701173901557922,
            "3": 0.0,
            "4": 0.8265569806098938
        },
        "4": {
            "0": 0.9516926407814026,
            "1": 0.9085831642150879,
            "2": 0.8555326461791992,
            "3": 0.0,
            "4": 0.9366267919540405
        }
    }
}