{
    "confidence_score": 0.9225761294364929,
    "ptm": 0.879845917224884,
    "iptm": 0.816310703754425,
    "ligand_iptm": 0.9195536971092224,
    "protein_iptm": 0.755769670009613,
    "complex_plddt": 0.9491425156593323,
    "complex_iplddt": 0.9230054020881653,
    "complex_pde": 0.4646899700164795,
    "complex_ipde": 0.9106995463371277,
    "chains_ptm": {
        "0": 0.9879022836685181,
        "1": 0.9787214994430542,
        "2": 0.9730949401855469,
        "3": 0.0,
        "4": 0.9367657899856567
    },
    "pair_chains_iptm": {
        "0": {
            "0": 0.9879022836685181,
            "1": 0.7491501569747925,
            "2": 0.6778773665428162,
            "3": 0.0,
            "4": 0.8972771167755127
        },
        "1": {
            "0": 0.755769670009613,
            "1": 0.9787214994430542,
            "2": 0.9000293612480164,
            "3": 0.0,
            "4": 0.6980955004692078
        },
        "2": {
            "0": 0.8388199806213379,
            "1": 0.9857710599899292,
            "2": 0.9730949401855469,
            "3": 0.0,
            "4": 0.7879539132118225
        },
        "3": {
            "0": 0.8551213145256042,
            "1": 0.9903168678283691,
            "2": 0.9566289782524109,
            "3": 0.0,
            "4": 0.8246237635612488
        },
        "4": {
            "0": 0.9528645873069763,
            "1": 0.890023946762085,
            "2": 0.8201936483383179,
            "3": 0.0,
            "4": 0.9367657899856567
        }
    }
}