{
    "confidence_score": 0.8947123885154724,
    "ptm": 0.8656388521194458,
    "iptm": 0.7917251586914062,
    "ligand_iptm": 0.9108091592788696,
    "protein_iptm": 0.7170333862304688,
    "complex_plddt": 0.9204591512680054,
    "complex_iplddt": 0.85912024974823,
    "complex_pde": 0.4879944622516632,
    "complex_ipde": 1.0230416059494019,
    "chains_ptm": {
        "0": 0.9880862236022949,
        "1": 0.9797406792640686,
        "2": 0.9765515327453613,
        "3": 0.0,
        "4": 0.9359925389289856
    },
    "pair_chains_iptm": {
        "0": {
            "0": 0.9880862236022949,
            "1": 0.7062088847160339,
            "2": 0.6568463444709778,
            "3": 0.0,
            "4": 0.8864769339561462
        },
        "1": {
            "0": 0.7170333862304688,
            "1": 0.9797406792640686,
            "2": 0.9101935625076294,
            "3": 0.0,
            "4": 0.6424672603607178
        },
        "2": {
            "0": 0.8119302988052368,
            "1": 0.9874718189239502,
            "2": 0.9765515327453613,
            "3": 0.0,
            "4": 0.7429837584495544
        },
        "3": {
            "0": 0.8365737199783325,
            "1": 0.9907729029655457,
            "2": 0.9608587026596069,
            "3": 0.0,
            "4": 0.7917934060096741
        },
        "4": {
            "0": 0.9553166031837463,
            "1": 0.8397592306137085,
            "2": 0.7963125109672546,
            "3": 0.0,
            "4": 0.9359925389289856
        }
    }
}