{
    "confidence_score": 0.9224214553833008,
    "ptm": 0.9015843272209167,
    "iptm": 0.8541188836097717,
    "ligand_iptm": 0.9418590664863586,
    "protein_iptm": 0.7992609739303589,
    "complex_plddt": 0.9394970536231995,
    "complex_iplddt": 0.904297947883606,
    "complex_pde": 0.4256080985069275,
    "complex_ipde": 0.7808395624160767,
    "chains_ptm": {
        "0": 0.9882107377052307,
        "1": 0.9802832007408142,
        "2": 0.9761808514595032,
        "3": 0.0,
        "4": 0.9432563185691833
    },
    "pair_chains_iptm": {
        "0": {
            "0": 0.9882107377052307,
            "1": 0.7992609739303589,
            "2": 0.7330257296562195,
            "3": 0.0,
            "4": 0.900393009185791
        },
        "1": {
            "0": 0.7984638214111328,
            "1": 0.9802832007408142,
            "2": 0.9085668921470642,
            "3": 0.0,
            "4": 0.7430378794670105
        },
        "2": {
            "0": 0.8797350525856018,
            "1": 0.9879224896430969,
            "2": 0.9761808514595032,
            "3": 0.0,
            "4": 0.8283442258834839
        },
        "3": {
            "0": 0.8918794393539429,
            "1": 0.9921549558639526,
            "2": 0.9629124402999878,
            "3": 0.0,
            "4": 0.8607741594314575
        },
        "4": {
            "0": 0.9571128487586975,
            "1": 0.9214610457420349,
            "2": 0.858403205871582,
            "3": 0.0,
            "4": 0.9432563185691833
        }
    }
}