{
    "confidence_score": 0.9232116937637329,
    "ptm": 0.8928199410438538,
    "iptm": 0.8389092087745667,
    "ligand_iptm": 0.9281668663024902,
    "protein_iptm": 0.7819132208824158,
    "complex_plddt": 0.9442873001098633,
    "complex_iplddt": 0.9139664769172668,
    "complex_pde": 0.46746569871902466,
    "complex_ipde": 0.9072347283363342,
    "chains_ptm": {
        "0": 0.9879388213157654,
        "1": 0.9775158762931824,
        "2": 0.974245548248291,
        "3": 0.0,
        "4": 0.9357478618621826
    },
    "pair_chains_iptm": {
        "0": {
            "0": 0.9879388213157654,
            "1": 0.7819132208824158,
            "2": 0.7117733359336853,
            "3": 0.0,
            "4": 0.8982058763504028
        },
        "1": {
            "0": 0.7798882126808167,
            "1": 0.9775158762931824,
            "2": 0.8973216414451599,
            "3": 0.0,
            "4": 0.7143601179122925
        },
        "2": {
            "0": 0.8643679022789001,
            "1": 0.9867311120033264,
            "2": 0.974245548248291,
            "3": 0.0,
            "4": 0.8040993213653564
        },
        "3": {
            "0": 0.8760566115379333,
            "1": 0.9913827180862427,
            "2": 0.9585800170898438,
            "3": 0.0,
            "4": 0.8418139815330505
        },
        "4": {
            "0": 0.9507497549057007,
            "1": 0.9021374583244324,
            "2": 0.8334816098213196,
            "3": 0.0,
            "4": 0.9357478618621826
        }
    }
}