{
    "confidence_score": 0.9216219186782837,
    "ptm": 0.8814622759819031,
    "iptm": 0.8176364898681641,
    "ligand_iptm": 0.9186549186706543,
    "protein_iptm": 0.7542756199836731,
    "complex_plddt": 0.9476182460784912,
    "complex_iplddt": 0.9204440116882324,
    "complex_pde": 0.48046010732650757,
    "complex_ipde": 0.9552143812179565,
    "chains_ptm": {
        "0": 0.9871976971626282,
        "1": 0.9775378704071045,
        "2": 0.969926118850708,
        "3": 0.0,
        "4": 0.9331595301628113
    },
    "pair_chains_iptm": {
        "0": {
            "0": 0.9871976971626282,
            "1": 0.7537623047828674,
            "2": 0.6855706572532654,
            "3": 0.0,
            "4": 0.890211820602417
        },
        "1": {
            "0": 0.7542756199836731,
            "1": 0.9775378704071045,
            "2": 0.8947832584381104,
            "3": 0.0,
            "4": 0.6906468272209167
        },
        "2": {
            "0": 0.8484368920326233,
            "1": 0.9852594137191772,
            "2": 0.969926118850708,
            "3": 0.0,
            "4": 0.7850156426429749
        },
        "3": {
            "0": 0.8582296967506409,
            "1": 0.9887351393699646,
            "2": 0.9489848017692566,
            "3": 0.0,
            "4": 0.8202571272850037
        },
        "4": {
            "0": 0.9502629637718201,
            "1": 0.8861061334609985,
            "2": 0.8171093463897705,
            "3": 0.0,
            "4": 0.9331595301628113
        }
    }
}