{
    "confidence_score": 0.9125105738639832,
    "ptm": 0.8731578588485718,
    "iptm": 0.8077309727668762,
    "ligand_iptm": 0.9179357290267944,
    "protein_iptm": 0.7383918166160583,
    "complex_plddt": 0.9387055039405823,
    "complex_iplddt": 0.9020856022834778,
    "complex_pde": 0.47229117155075073,
    "complex_ipde": 0.9292236566543579,
    "chains_ptm": {
        "0": 0.987602949142456,
        "1": 0.9781020283699036,
        "2": 0.9737541675567627,
        "3": 0.0,
        "4": 0.9278203845024109
    },
    "pair_chains_iptm": {
        "0": {
            "0": 0.987602949142456,
            "1": 0.7383918166160583,
            "2": 0.6788437962532043,
            "3": 0.0,
            "4": 0.8870383501052856
        },
        "1": {
            "0": 0.7383391857147217,
            "1": 0.9781020283699036,
            "2": 0.9020087718963623,
            "3": 0.0,
            "4": 0.6748407483100891
        },
        "2": {
            "0": 0.8361170887947083,
            "1": 0.9865591526031494,
            "2": 0.9737541675567627,
            "3": 0.0,
            "4": 0.7723354697227478
        },
        "3": {
            "0": 0.8485427498817444,
            "1": 0.9909106492996216,
            "2": 0.9546566009521484,
            "3": 0.0,
            "4": 0.8087158203125
        },
        "4": {
            "0": 0.9472119212150574,
            "1": 0.8874121904373169,
            "2": 0.827006459236145,
            "3": 0.0,
            "4": 0.9278203845024109
        }
    }
}