{
    "confidence_score": 0.9244557619094849,
    "ptm": 0.8981879353523254,
    "iptm": 0.8481351137161255,
    "ligand_iptm": 0.9330732822418213,
    "protein_iptm": 0.793897271156311,
    "complex_plddt": 0.9435358643531799,
    "complex_iplddt": 0.9134729504585266,
    "complex_pde": 0.4492605924606323,
    "complex_ipde": 0.8528063893318176,
    "chains_ptm": {
        "0": 0.9873915314674377,
        "1": 0.9775052070617676,
        "2": 0.9736785888671875,
        "3": 0.0,
        "4": 0.9399283528327942
    },
    "pair_chains_iptm": {
        "0": {
            "0": 0.9873915314674377,
            "1": 0.793897271156311,
            "2": 0.7222037315368652,
            "3": 0.0,
            "4": 0.8951066732406616
        },
        "1": {
            "0": 0.7914098501205444,
            "1": 0.9775052070617676,
            "2": 0.9011938571929932,
            "3": 0.0,
            "4": 0.7268357276916504
        },
        "2": {
            "0": 0.8693422675132751,
            "1": 0.986626386642456,
            "2": 0.9736785888671875,
            "3": 0.0,
            "4": 0.812126100063324
        },
        "3": {
            "0": 0.8843805193901062,
            "1": 0.9910454154014587,
            "2": 0.9576418399810791,
            "3": 0.0,
            "4": 0.8514167070388794
        },
        "4": {
            "0": 0.9558849930763245,
            "1": 0.9094906449317932,
            "2": 0.8439556956291199,
            "3": 0.0,
            "4": 0.9399283528327942
        }
    }
}