{
    "confidence_score": 0.8962125778198242,
    "ptm": 0.8464625477790833,
    "iptm": 0.7707101702690125,
    "ligand_iptm": 0.8933129906654358,
    "protein_iptm": 0.6880286335945129,
    "complex_plddt": 0.927588164806366,
    "complex_iplddt": 0.8754820823669434,
    "complex_pde": 0.5083857774734497,
    "complex_ipde": 1.0657498836517334,
    "chains_ptm": {
        "0": 0.9878148436546326,
        "1": 0.9776904582977295,
        "2": 0.9709776639938354,
        "3": 0.0,
        "4": 0.9280656576156616
    },
    "pair_chains_iptm": {
        "0": {
            "0": 0.9878148436546326,
            "1": 0.6757726669311523,
            "2": 0.6258598566055298,
            "3": 0.0,
            "4": 0.8804171681404114
        },
        "1": {
            "0": 0.6880286335945129,
            "1": 0.9776904582977295,
            "2": 0.90228271484375,
            "3": 0.0,
            "4": 0.632179856300354
        },
        "2": {
            "0": 0.7791011929512024,
            "1": 0.9852038621902466,
            "2": 0.9709776639938354,
            "3": 0.0,
            "4": 0.7263071537017822
        },
        "3": {
            "0": 0.7958727478981018,
            "1": 0.9892351627349854,
            "2": 0.9567028284072876,
            "3": 0.0,
            "4": 0.7608464956283569
        },
        "4": {
            "0": 0.9449630975723267,
            "1": 0.8378676772117615,
            "2": 0.7932789325714111,
            "3": 0.0,
            "4": 0.9280656576156616
        }
    }
}