{
    "confidence_score": 0.7246068120002747,
    "ptm": 0.7401601076126099,
    "iptm": 0.0,
    "ligand_iptm": 0.0,
    "protein_iptm": 0.0,
    "complex_plddt": 0.7207184433937073,
    "complex_iplddt": 0.7207184433937073,
    "complex_pde": 0.5267587900161743,
    "complex_ipde": 0.0,
    "chains_ptm": {
        "0": 0.7401601076126099
    },
    "pair_chains_iptm": {
        "0": {
            "0": 0.7401601076126099
        }
    }
}