{
    "confidence_score": 0.7103633284568787,
    "ptm": 0.7184029221534729,
    "iptm": 0.0,
    "ligand_iptm": 0.0,
    "protein_iptm": 0.0,
    "complex_plddt": 0.7083534598350525,
    "complex_iplddt": 0.7083534598350525,
    "complex_pde": 0.5947555899620056,
    "complex_ipde": 0.0,
    "chains_ptm": {
        "0": 0.7184029221534729
    },
    "pair_chains_iptm": {
        "0": {
            "0": 0.7184029221534729
        }
    }
}