{
    "confidence_score": 0.7156333923339844,
    "ptm": 0.7475818395614624,
    "iptm": 0.0,
    "ligand_iptm": 0.0,
    "protein_iptm": 0.0,
    "complex_plddt": 0.7076463103294373,
    "complex_iplddt": 0.7076463103294373,
    "complex_pde": 0.5002071857452393,
    "complex_ipde": 0.0,
    "chains_ptm": {
        "0": 0.7475818395614624
    },
    "pair_chains_iptm": {
        "0": {
            "0": 0.7475818395614624
        }
    }
}