{
    "confidence_score": 0.7160959243774414,
    "ptm": 0.747873842716217,
    "iptm": 0.0,
    "ligand_iptm": 0.0,
    "protein_iptm": 0.0,
    "complex_plddt": 0.7081514596939087,
    "complex_iplddt": 0.7081514596939087,
    "complex_pde": 0.5013716816902161,
    "complex_ipde": 0.0,
    "chains_ptm": {
        "0": 0.747873842716217
    },
    "pair_chains_iptm": {
        "0": {
            "0": 0.747873842716217
        }
    }
}