{
    "confidence_score": 0.7181687355041504,
    "ptm": 0.734764039516449,
    "iptm": 0.0,
    "ligand_iptm": 0.0,
    "protein_iptm": 0.0,
    "complex_plddt": 0.7140198945999146,
    "complex_iplddt": 0.7140198349952698,
    "complex_pde": 0.526965320110321,
    "complex_ipde": 0.0,
    "chains_ptm": {
        "0": 0.734764039516449
    },
    "pair_chains_iptm": {
        "0": {
            "0": 0.734764039516449
        }
    }
}