{
    "confidence_score": 0.7107415199279785,
    "ptm": 0.7487782835960388,
    "iptm": 0.0,
    "ligand_iptm": 0.0,
    "protein_iptm": 0.0,
    "complex_plddt": 0.7012323141098022,
    "complex_iplddt": 0.7012323141098022,
    "complex_pde": 0.4952629506587982,
    "complex_ipde": 0.0,
    "chains_ptm": {
        "0": 0.7487782835960388
    },
    "pair_chains_iptm": {
        "0": {
            "0": 0.7487782835960388
        }
    }
}