{
    "confidence_score": 0.725336492061615,
    "ptm": 0.7501776814460754,
    "iptm": 0.0,
    "ligand_iptm": 0.0,
    "protein_iptm": 0.0,
    "complex_plddt": 0.7191261649131775,
    "complex_iplddt": 0.7191261649131775,
    "complex_pde": 0.5057705640792847,
    "complex_ipde": 0.0,
    "chains_ptm": {
        "0": 0.7501776814460754
    },
    "pair_chains_iptm": {
        "0": {
            "0": 0.7501776814460754
        }
    }
}