{
    "confidence_score": 0.7185537219047546,
    "ptm": 0.7502012252807617,
    "iptm": 0.0,
    "ligand_iptm": 0.0,
    "protein_iptm": 0.0,
    "complex_plddt": 0.7106418609619141,
    "complex_iplddt": 0.7106418609619141,
    "complex_pde": 0.49292001128196716,
    "complex_ipde": 0.0,
    "chains_ptm": {
        "0": 0.7502012252807617
    },
    "pair_chains_iptm": {
        "0": {
            "0": 0.7502012252807617
        }
    }
}