{
    "confidence_score": 0.7195744514465332,
    "ptm": 0.7505203485488892,
    "iptm": 0.0,
    "ligand_iptm": 0.0,
    "protein_iptm": 0.0,
    "complex_plddt": 0.7118379473686218,
    "complex_iplddt": 0.711837887763977,
    "complex_pde": 0.4869735836982727,
    "complex_ipde": 0.0,
    "chains_ptm": {
        "0": 0.7505203485488892
    },
    "pair_chains_iptm": {
        "0": {
            "0": 0.7505203485488892
        }
    }
}