{
    "confidence_score": 0.7212872505187988,
    "ptm": 0.7424129247665405,
    "iptm": 0.0,
    "ligand_iptm": 0.0,
    "protein_iptm": 0.0,
    "complex_plddt": 0.7160058617591858,
    "complex_iplddt": 0.7160059213638306,
    "complex_pde": 0.5362890958786011,
    "complex_ipde": 0.0,
    "chains_ptm": {
        "0": 0.7424129247665405
    },
    "pair_chains_iptm": {
        "0": {
            "0": 0.7424129247665405
        }
    }
}