{
    "confidence_score": 0.7162312269210815,
    "ptm": 0.7484490275382996,
    "iptm": 0.0,
    "ligand_iptm": 0.0,
    "protein_iptm": 0.0,
    "complex_plddt": 0.7081767320632935,
    "complex_iplddt": 0.7081767320632935,
    "complex_pde": 0.5014815330505371,
    "complex_ipde": 0.0,
    "chains_ptm": {
        "0": 0.7484490275382996
    },
    "pair_chains_iptm": {
        "0": {
            "0": 0.7484490275382996
        }
    }
}