{
    "confidence_score": 0.7203838229179382,
    "ptm": 0.747183620929718,
    "iptm": 0.0,
    "ligand_iptm": 0.0,
    "protein_iptm": 0.0,
    "complex_plddt": 0.7136838436126709,
    "complex_iplddt": 0.7136838436126709,
    "complex_pde": 0.5058901309967041,
    "complex_ipde": 0.0,
    "chains_ptm": {
        "0": 0.747183620929718
    },
    "pair_chains_iptm": {
        "0": {
            "0": 0.747183620929718
        }
    }
}