{
    "confidence_score": 0.7145962119102478,
    "ptm": 0.7419893741607666,
    "iptm": 0.0,
    "ligand_iptm": 0.0,
    "protein_iptm": 0.0,
    "complex_plddt": 0.7077478766441345,
    "complex_iplddt": 0.7077478766441345,
    "complex_pde": 0.5168705582618713,
    "complex_ipde": 0.0,
    "chains_ptm": {
        "0": 0.7419893741607666
    },
    "pair_chains_iptm": {
        "0": {
            "0": 0.7419893741607666
        }
    }
}