{
    "confidence_score": 0.7199873924255371,
    "ptm": 0.72773677110672,
    "iptm": 0.0,
    "ligand_iptm": 0.0,
    "protein_iptm": 0.0,
    "complex_plddt": 0.7180500626564026,
    "complex_iplddt": 0.7180501222610474,
    "complex_pde": 0.5784940123558044,
    "complex_ipde": 0.0,
    "chains_ptm": {
        "0": 0.72773677110672
    },
    "pair_chains_iptm": {
        "0": {
            "0": 0.72773677110672
        }
    }
}