{
    "confidence_score": 0.7170310020446777,
    "ptm": 0.7438143491744995,
    "iptm": 0.0,
    "ligand_iptm": 0.0,
    "protein_iptm": 0.0,
    "complex_plddt": 0.7103351950645447,
    "complex_iplddt": 0.7103352546691895,
    "complex_pde": 0.5122020244598389,
    "complex_ipde": 0.0,
    "chains_ptm": {
        "0": 0.7438143491744995
    },
    "pair_chains_iptm": {
        "0": {
            "0": 0.7438143491744995
        }
    }
}