{
    "confidence_score": 0.7141444087028503,
    "ptm": 0.7474537491798401,
    "iptm": 0.0,
    "ligand_iptm": 0.0,
    "protein_iptm": 0.0,
    "complex_plddt": 0.7058171033859253,
    "complex_iplddt": 0.7058171629905701,
    "complex_pde": 0.5121248364448547,
    "complex_ipde": 0.0,
    "chains_ptm": {
        "0": 0.7474537491798401
    },
    "pair_chains_iptm": {
        "0": {
            "0": 0.7474537491798401
        }
    }
}