{
    "confidence_score": 0.7156878709793091,
    "ptm": 0.7545202970504761,
    "iptm": 0.0,
    "ligand_iptm": 0.0,
    "protein_iptm": 0.0,
    "complex_plddt": 0.7059797644615173,
    "complex_iplddt": 0.7059797048568726,
    "complex_pde": 0.49098509550094604,
    "complex_ipde": 0.0,
    "chains_ptm": {
        "0": 0.7545202970504761
    },
    "pair_chains_iptm": {
        "0": {
            "0": 0.7545202970504761
        }
    }
}