{
    "confidence_score": 0.7164070010185242,
    "ptm": 0.7431409358978271,
    "iptm": 0.0,
    "ligand_iptm": 0.0,
    "protein_iptm": 0.0,
    "complex_plddt": 0.7097234725952148,
    "complex_iplddt": 0.7097234725952148,
    "complex_pde": 0.5070441961288452,
    "complex_ipde": 0.0,
    "chains_ptm": {
        "0": 0.7431409358978271
    },
    "pair_chains_iptm": {
        "0": {
            "0": 0.7431409358978271
        }
    }
}