{
    "confidence_score": 0.7178850173950195,
    "ptm": 0.7458744049072266,
    "iptm": 0.0,
    "ligand_iptm": 0.0,
    "protein_iptm": 0.0,
    "complex_plddt": 0.7108876705169678,
    "complex_iplddt": 0.7108877301216125,
    "complex_pde": 0.5040199160575867,
    "complex_ipde": 0.0,
    "chains_ptm": {
        "0": 0.7458744049072266
    },
    "pair_chains_iptm": {
        "0": {
            "0": 0.7458744049072266
        }
    }
}