{
    "confidence_score": 0.7211839556694031,
    "ptm": 0.7491763830184937,
    "iptm": 0.0,
    "ligand_iptm": 0.0,
    "protein_iptm": 0.0,
    "complex_plddt": 0.7141858339309692,
    "complex_iplddt": 0.7141858339309692,
    "complex_pde": 0.49282127618789673,
    "complex_ipde": 0.0,
    "chains_ptm": {
        "0": 0.7491763830184937
    },
    "pair_chains_iptm": {
        "0": {
            "0": 0.7491763830184937
        }
    }
}