{
    "confidence_score": 0.7178701758384705,
    "ptm": 0.7501041889190674,
    "iptm": 0.0,
    "ligand_iptm": 0.0,
    "protein_iptm": 0.0,
    "complex_plddt": 0.7098116874694824,
    "complex_iplddt": 0.7098116874694824,
    "complex_pde": 0.5006996989250183,
    "complex_ipde": 0.0,
    "chains_ptm": {
        "0": 0.7501041889190674
    },
    "pair_chains_iptm": {
        "0": {
            "0": 0.7501041889190674
        }
    }
}