{
    "confidence_score": 0.712943971157074,
    "ptm": 0.7558311223983765,
    "iptm": 0.0,
    "ligand_iptm": 0.0,
    "protein_iptm": 0.0,
    "complex_plddt": 0.7022221088409424,
    "complex_iplddt": 0.7022221088409424,
    "complex_pde": 0.48396575450897217,
    "complex_ipde": 0.0,
    "chains_ptm": {
        "0": 0.7558311223983765
    },
    "pair_chains_iptm": {
        "0": {
            "0": 0.7558311223983765
        }
    }
}