{
    "confidence_score": 0.7166951298713684,
    "ptm": 0.7563192248344421,
    "iptm": 0.0,
    "ligand_iptm": 0.0,
    "protein_iptm": 0.0,
    "complex_plddt": 0.7067890763282776,
    "complex_iplddt": 0.7067891359329224,
    "complex_pde": 0.5005328059196472,
    "complex_ipde": 0.0,
    "chains_ptm": {
        "0": 0.7563192248344421
    },
    "pair_chains_iptm": {
        "0": {
            "0": 0.7563192248344421
        }
    }
}