{
    "confidence_score": 0.7151691913604736,
    "ptm": 0.7520670890808105,
    "iptm": 0.0,
    "ligand_iptm": 0.0,
    "protein_iptm": 0.0,
    "complex_plddt": 0.7059447169303894,
    "complex_iplddt": 0.7059446573257446,
    "complex_pde": 0.5034520030021667,
    "complex_ipde": 0.0,
    "chains_ptm": {
        "0": 0.7520670890808105
    },
    "pair_chains_iptm": {
        "0": {
            "0": 0.7520670890808105
        }
    }
}