{
    "confidence_score": 0.7224794030189514,
    "ptm": 0.748798668384552,
    "iptm": 0.0,
    "ligand_iptm": 0.0,
    "protein_iptm": 0.0,
    "complex_plddt": 0.7158995866775513,
    "complex_iplddt": 0.7158995866775513,
    "complex_pde": 0.5041244029998779,
    "complex_ipde": 0.0,
    "chains_ptm": {
        "0": 0.748798668384552
    },
    "pair_chains_iptm": {
        "0": {
            "0": 0.748798668384552
        }
    }
}