{
    "confidence_score": 0.715644896030426,
    "ptm": 0.7575629353523254,
    "iptm": 0.0,
    "ligand_iptm": 0.0,
    "protein_iptm": 0.0,
    "complex_plddt": 0.7051653861999512,
    "complex_iplddt": 0.7051653861999512,
    "complex_pde": 0.4872170388698578,
    "complex_ipde": 0.0,
    "chains_ptm": {
        "0": 0.7575629353523254
    },
    "pair_chains_iptm": {
        "0": {
            "0": 0.7575629353523254
        }
    }
}