{
    "confidence_score": 0.7268592119216919,
    "ptm": 0.7146614789962769,
    "iptm": 0.0,
    "ligand_iptm": 0.0,
    "protein_iptm": 0.0,
    "complex_plddt": 0.7299086451530457,
    "complex_iplddt": 0.7299087047576904,
    "complex_pde": 0.6465469598770142,
    "complex_ipde": 0.0,
    "chains_ptm": {
        "0": 0.7146614789962769
    },
    "pair_chains_iptm": {
        "0": {
            "0": 0.7146614789962769
        }
    }
}