{
    "confidence_score": 0.7208652496337891,
    "ptm": 0.7584365606307983,
    "iptm": 0.0,
    "ligand_iptm": 0.0,
    "protein_iptm": 0.0,
    "complex_plddt": 0.7114723920822144,
    "complex_iplddt": 0.7114724516868591,
    "complex_pde": 0.4774443209171295,
    "complex_ipde": 0.0,
    "chains_ptm": {
        "0": 0.7584365606307983
    },
    "pair_chains_iptm": {
        "0": {
            "0": 0.7584365606307983
        }
    }
}