{
    "confidence_score": 0.7183802723884583,
    "ptm": 0.7454617619514465,
    "iptm": 0.0,
    "ligand_iptm": 0.0,
    "protein_iptm": 0.0,
    "complex_plddt": 0.7116098999977112,
    "complex_iplddt": 0.7116098999977112,
    "complex_pde": 0.5096832513809204,
    "complex_ipde": 0.0,
    "chains_ptm": {
        "0": 0.7454617619514465
    },
    "pair_chains_iptm": {
        "0": {
            "0": 0.7454617619514465
        }
    }
}