{
    "confidence_score": 0.7183177471160889,
    "ptm": 0.730266809463501,
    "iptm": 0.0,
    "ligand_iptm": 0.0,
    "protein_iptm": 0.0,
    "complex_plddt": 0.7153304815292358,
    "complex_iplddt": 0.7153305411338806,
    "complex_pde": 0.5661013722419739,
    "complex_ipde": 0.0,
    "chains_ptm": {
        "0": 0.730266809463501
    },
    "pair_chains_iptm": {
        "0": {
            "0": 0.730266809463501
        }
    }
}