{
    "confidence_score": 0.7101916670799255,
    "ptm": 0.7502531409263611,
    "iptm": 0.0,
    "ligand_iptm": 0.0,
    "protein_iptm": 0.0,
    "complex_plddt": 0.7001762986183167,
    "complex_iplddt": 0.7001763582229614,
    "complex_pde": 0.5013753175735474,
    "complex_ipde": 0.0,
    "chains_ptm": {
        "0": 0.7502531409263611
    },
    "pair_chains_iptm": {
        "0": {
            "0": 0.7502531409263611
        }
    }
}