{
    "confidence_score": 0.7154671549797058,
    "ptm": 0.7558174729347229,
    "iptm": 0.0,
    "ligand_iptm": 0.0,
    "protein_iptm": 0.0,
    "complex_plddt": 0.7053796052932739,
    "complex_iplddt": 0.7053796052932739,
    "complex_pde": 0.4829593002796173,
    "complex_ipde": 0.0,
    "chains_ptm": {
        "0": 0.7558174729347229
    },
    "pair_chains_iptm": {
        "0": {
            "0": 0.7558174729347229
        }
    }
}