{
    "confidence_score": 0.7111534476280212,
    "ptm": 0.7480875849723816,
    "iptm": 0.0,
    "ligand_iptm": 0.0,
    "protein_iptm": 0.0,
    "complex_plddt": 0.7019199132919312,
    "complex_iplddt": 0.7019199132919312,
    "complex_pde": 0.5005534887313843,
    "complex_ipde": 0.0,
    "chains_ptm": {
        "0": 0.7480875849723816
    },
    "pair_chains_iptm": {
        "0": {
            "0": 0.7480875849723816
        }
    }
}