{
    "confidence_score": 0.7263797521591187,
    "ptm": 0.736900269985199,
    "iptm": 0.0,
    "ligand_iptm": 0.0,
    "protein_iptm": 0.0,
    "complex_plddt": 0.723749577999115,
    "complex_iplddt": 0.7237496376037598,
    "complex_pde": 0.5405576229095459,
    "complex_ipde": 0.0,
    "chains_ptm": {
        "0": 0.736900269985199
    },
    "pair_chains_iptm": {
        "0": {
            "0": 0.736900269985199
        }
    }
}