{
    "confidence_score": 0.7125632166862488,
    "ptm": 0.7427957057952881,
    "iptm": 0.0,
    "ligand_iptm": 0.0,
    "protein_iptm": 0.0,
    "complex_plddt": 0.7050051093101501,
    "complex_iplddt": 0.7050051093101501,
    "complex_pde": 0.5050206780433655,
    "complex_ipde": 0.0,
    "chains_ptm": {
        "0": 0.7427957057952881
    },
    "pair_chains_iptm": {
        "0": {
            "0": 0.7427957057952881
        }
    }
}