{
    "confidence_score": 0.7178678512573242,
    "ptm": 0.7477090358734131,
    "iptm": 0.0,
    "ligand_iptm": 0.0,
    "protein_iptm": 0.0,
    "complex_plddt": 0.710407555103302,
    "complex_iplddt": 0.710407555103302,
    "complex_pde": 0.508148193359375,
    "complex_ipde": 0.0,
    "chains_ptm": {
        "0": 0.7477090358734131
    },
    "pair_chains_iptm": {
        "0": {
            "0": 0.7477090358734131
        }
    }
}