{
    "confidence_score": 0.7179822325706482,
    "ptm": 0.7358847856521606,
    "iptm": 0.0,
    "ligand_iptm": 0.0,
    "protein_iptm": 0.0,
    "complex_plddt": 0.7135065197944641,
    "complex_iplddt": 0.7135065793991089,
    "complex_pde": 0.5239485502243042,
    "complex_ipde": 0.0,
    "chains_ptm": {
        "0": 0.7358847856521606
    },
    "pair_chains_iptm": {
        "0": {
            "0": 0.7358847856521606
        }
    }
}