{
    "confidence_score": 0.7140132784843445,
    "ptm": 0.7478062510490417,
    "iptm": 0.0,
    "ligand_iptm": 0.0,
    "protein_iptm": 0.0,
    "complex_plddt": 0.7055650353431702,
    "complex_iplddt": 0.7055650949478149,
    "complex_pde": 0.5050573945045471,
    "complex_ipde": 0.0,
    "chains_ptm": {
        "0": 0.7478062510490417
    },
    "pair_chains_iptm": {
        "0": {
            "0": 0.7478062510490417
        }
    }
}