{
    "confidence_score": 0.7151076197624207,
    "ptm": 0.7445981502532959,
    "iptm": 0.0,
    "ligand_iptm": 0.0,
    "protein_iptm": 0.0,
    "complex_plddt": 0.7077349424362183,
    "complex_iplddt": 0.707735002040863,
    "complex_pde": 0.5083609223365784,
    "complex_ipde": 0.0,
    "chains_ptm": {
        "0": 0.7445981502532959
    },
    "pair_chains_iptm": {
        "0": {
            "0": 0.7445981502532959
        }
    }
}