{
    "confidence_score": 0.7192710041999817,
    "ptm": 0.7488046288490295,
    "iptm": 0.0,
    "ligand_iptm": 0.0,
    "protein_iptm": 0.0,
    "complex_plddt": 0.7118875980377197,
    "complex_iplddt": 0.7118876576423645,
    "complex_pde": 0.5004873275756836,
    "complex_ipde": 0.0,
    "chains_ptm": {
        "0": 0.7488046288490295
    },
    "pair_chains_iptm": {
        "0": {
            "0": 0.7488046288490295
        }
    }
}