{
    "confidence_score": 0.7225900292396545,
    "ptm": 0.7356672286987305,
    "iptm": 0.0,
    "ligand_iptm": 0.0,
    "protein_iptm": 0.0,
    "complex_plddt": 0.7193207144737244,
    "complex_iplddt": 0.7193207144737244,
    "complex_pde": 0.5316236019134521,
    "complex_ipde": 0.0,
    "chains_ptm": {
        "0": 0.7356672286987305
    },
    "pair_chains_iptm": {
        "0": {
            "0": 0.7356672286987305
        }
    }
}