{
    "confidence_score": 0.7229642868041992,
    "ptm": 0.7029944658279419,
    "iptm": 0.0,
    "ligand_iptm": 0.0,
    "protein_iptm": 0.0,
    "complex_plddt": 0.7279567718505859,
    "complex_iplddt": 0.7279567718505859,
    "complex_pde": 0.687515139579773,
    "complex_ipde": 0.0,
    "chains_ptm": {
        "0": 0.7029944658279419
    },
    "pair_chains_iptm": {
        "0": {
            "0": 0.7029944658279419
        }
    }
}