{
    "confidence_score": 0.7198691368103027,
    "ptm": 0.7305395603179932,
    "iptm": 0.0,
    "ligand_iptm": 0.0,
    "protein_iptm": 0.0,
    "complex_plddt": 0.7172015309333801,
    "complex_iplddt": 0.7172015309333801,
    "complex_pde": 0.5589845776557922,
    "complex_ipde": 0.0,
    "chains_ptm": {
        "0": 0.7305395603179932
    },
    "pair_chains_iptm": {
        "0": {
            "0": 0.7305395603179932
        }
    }
}