{
    "confidence_score": 0.7158094048500061,
    "ptm": 0.7414534091949463,
    "iptm": 0.0,
    "ligand_iptm": 0.0,
    "protein_iptm": 0.0,
    "complex_plddt": 0.7093983888626099,
    "complex_iplddt": 0.7093983888626099,
    "complex_pde": 0.5144273042678833,
    "complex_ipde": 0.0,
    "chains_ptm": {
        "0": 0.7414534091949463
    },
    "pair_chains_iptm": {
        "0": {
            "0": 0.7414534091949463
        }
    }
}