{
    "confidence_score": 0.7180097699165344,
    "ptm": 0.7536519765853882,
    "iptm": 0.0,
    "ligand_iptm": 0.0,
    "protein_iptm": 0.0,
    "complex_plddt": 0.7090991735458374,
    "complex_iplddt": 0.7090991735458374,
    "complex_pde": 0.48662757873535156,
    "complex_ipde": 0.0,
    "chains_ptm": {
        "0": 0.7536519765853882
    },
    "pair_chains_iptm": {
        "0": {
            "0": 0.7536519765853882
        }
    }
}