{
    "confidence_score": 0.7218201160430908,
    "ptm": 0.701863706111908,
    "iptm": 0.0,
    "ligand_iptm": 0.0,
    "protein_iptm": 0.0,
    "complex_plddt": 0.7268092036247253,
    "complex_iplddt": 0.7268092036247253,
    "complex_pde": 0.6684498190879822,
    "complex_ipde": 0.0,
    "chains_ptm": {
        "0": 0.701863706111908
    },
    "pair_chains_iptm": {
        "0": {
            "0": 0.701863706111908
        }
    }
}