{
    "confidence_score": 0.7275030016899109,
    "ptm": 0.7220781445503235,
    "iptm": 0.0,
    "ligand_iptm": 0.0,
    "protein_iptm": 0.0,
    "complex_plddt": 0.7288592457771301,
    "complex_iplddt": 0.7288592457771301,
    "complex_pde": 0.6300992369651794,
    "complex_ipde": 0.0,
    "chains_ptm": {
        "0": 0.7220781445503235
    },
    "pair_chains_iptm": {
        "0": {
            "0": 0.7220781445503235
        }
    }
}