{
    "confidence_score": 0.713524580001831,
    "ptm": 0.748911440372467,
    "iptm": 0.0,
    "ligand_iptm": 0.0,
    "protein_iptm": 0.0,
    "complex_plddt": 0.7046778798103333,
    "complex_iplddt": 0.7046778798103333,
    "complex_pde": 0.5015918612480164,
    "complex_ipde": 0.0,
    "chains_ptm": {
        "0": 0.748911440372467
    },
    "pair_chains_iptm": {
        "0": {
            "0": 0.748911440372467
        }
    }
}