{
    "confidence_score": 0.7167275547981262,
    "ptm": 0.7467272281646729,
    "iptm": 0.0,
    "ligand_iptm": 0.0,
    "protein_iptm": 0.0,
    "complex_plddt": 0.7092276215553284,
    "complex_iplddt": 0.7092276215553284,
    "complex_pde": 0.49551868438720703,
    "complex_ipde": 0.0,
    "chains_ptm": {
        "0": 0.7467272281646729
    },
    "pair_chains_iptm": {
        "0": {
            "0": 0.7467272281646729
        }
    }
}