{
    "confidence_score": 0.7171363830566406,
    "ptm": 0.7474240660667419,
    "iptm": 0.0,
    "ligand_iptm": 0.0,
    "protein_iptm": 0.0,
    "complex_plddt": 0.7095644474029541,
    "complex_iplddt": 0.7095644474029541,
    "complex_pde": 0.5065011382102966,
    "complex_ipde": 0.0,
    "chains_ptm": {
        "0": 0.7474240660667419
    },
    "pair_chains_iptm": {
        "0": {
            "0": 0.7474240660667419
        }
    }
}