{
    "confidence_score": 0.718119740486145,
    "ptm": 0.7327739596366882,
    "iptm": 0.0,
    "ligand_iptm": 0.0,
    "protein_iptm": 0.0,
    "complex_plddt": 0.7144561409950256,
    "complex_iplddt": 0.7144561409950256,
    "complex_pde": 0.5306634306907654,
    "complex_ipde": 0.0,
    "chains_ptm": {
        "0": 0.7327739596366882
    },
    "pair_chains_iptm": {
        "0": {
            "0": 0.7327739596366882
        }
    }
}