{
    "confidence_score": 0.7078558802604675,
    "ptm": 0.748538076877594,
    "iptm": 0.0,
    "ligand_iptm": 0.0,
    "protein_iptm": 0.0,
    "complex_plddt": 0.6976853609085083,
    "complex_iplddt": 0.6976853609085083,
    "complex_pde": 0.5033004879951477,
    "complex_ipde": 0.0,
    "chains_ptm": {
        "0": 0.748538076877594
    },
    "pair_chains_iptm": {
        "0": {
            "0": 0.748538076877594
        }
    }
}