{
    "confidence_score": 0.719620406627655,
    "ptm": 0.718313455581665,
    "iptm": 0.0,
    "ligand_iptm": 0.0,
    "protein_iptm": 0.0,
    "complex_plddt": 0.719947099685669,
    "complex_iplddt": 0.719947099685669,
    "complex_pde": 0.6043486595153809,
    "complex_ipde": 0.0,
    "chains_ptm": {
        "0": 0.718313455581665
    },
    "pair_chains_iptm": {
        "0": {
            "0": 0.718313455581665
        }
    }
}