{
    "confidence_score": 0.7210137248039246,
    "ptm": 0.7493470311164856,
    "iptm": 0.0,
    "ligand_iptm": 0.0,
    "protein_iptm": 0.0,
    "complex_plddt": 0.7139303684234619,
    "complex_iplddt": 0.7139303684234619,
    "complex_pde": 0.5050229430198669,
    "complex_ipde": 0.0,
    "chains_ptm": {
        "0": 0.7493470311164856
    },
    "pair_chains_iptm": {
        "0": {
            "0": 0.7493470311164856
        }
    }
}