{
    "confidence_score": 0.7220374941825867,
    "ptm": 0.7441791296005249,
    "iptm": 0.0,
    "ligand_iptm": 0.0,
    "protein_iptm": 0.0,
    "complex_plddt": 0.7165021300315857,
    "complex_iplddt": 0.7165022492408752,
    "complex_pde": 0.5213350057601929,
    "complex_ipde": 0.0,
    "chains_ptm": {
        "0": 0.7441791296005249
    },
    "pair_chains_iptm": {
        "0": {
            "0": 0.7441791296005249
        }
    }
}