{
    "confidence_score": 0.7172877192497253,
    "ptm": 0.7505699396133423,
    "iptm": 0.0,
    "ligand_iptm": 0.0,
    "protein_iptm": 0.0,
    "complex_plddt": 0.7089672088623047,
    "complex_iplddt": 0.7089672088623047,
    "complex_pde": 0.48711130023002625,
    "complex_ipde": 0.0,
    "chains_ptm": {
        "0": 0.7505699396133423
    },
    "pair_chains_iptm": {
        "0": {
            "0": 0.7505699396133423
        }
    }
}