{
    "confidence_score": 0.7213073968887329,
    "ptm": 0.7425235509872437,
    "iptm": 0.0,
    "ligand_iptm": 0.0,
    "protein_iptm": 0.0,
    "complex_plddt": 0.7160033583641052,
    "complex_iplddt": 0.7160033583641052,
    "complex_pde": 0.522706925868988,
    "complex_ipde": 0.0,
    "chains_ptm": {
        "0": 0.7425235509872437
    },
    "pair_chains_iptm": {
        "0": {
            "0": 0.7425235509872437
        }
    }
}