{
    "confidence_score": 0.7174462676048279,
    "ptm": 0.7472459077835083,
    "iptm": 0.0,
    "ligand_iptm": 0.0,
    "protein_iptm": 0.0,
    "complex_plddt": 0.7099962830543518,
    "complex_iplddt": 0.7099962830543518,
    "complex_pde": 0.49837496876716614,
    "complex_ipde": 0.0,
    "chains_ptm": {
        "0": 0.7472459077835083
    },
    "pair_chains_iptm": {
        "0": {
            "0": 0.7472459077835083
        }
    }
}