{
    "confidence_score": 0.7259095311164856,
    "ptm": 0.731580376625061,
    "iptm": 0.0,
    "ligand_iptm": 0.0,
    "protein_iptm": 0.0,
    "complex_plddt": 0.7244918346405029,
    "complex_iplddt": 0.7244918346405029,
    "complex_pde": 0.5833721160888672,
    "complex_ipde": 0.0,
    "chains_ptm": {
        "0": 0.731580376625061
    },
    "pair_chains_iptm": {
        "0": {
            "0": 0.731580376625061
        }
    }
}