{
    "confidence_score": 0.7172330021858215,
    "ptm": 0.7474486231803894,
    "iptm": 0.0,
    "ligand_iptm": 0.0,
    "protein_iptm": 0.0,
    "complex_plddt": 0.7096790671348572,
    "complex_iplddt": 0.7096790075302124,
    "complex_pde": 0.5018836259841919,
    "complex_ipde": 0.0,
    "chains_ptm": {
        "0": 0.7474486231803894
    },
    "pair_chains_iptm": {
        "0": {
            "0": 0.7474486231803894
        }
    }
}