{
    "confidence_score": 0.717024564743042,
    "ptm": 0.7476251125335693,
    "iptm": 0.0,
    "ligand_iptm": 0.0,
    "protein_iptm": 0.0,
    "complex_plddt": 0.7093744277954102,
    "complex_iplddt": 0.7093744277954102,
    "complex_pde": 0.49849653244018555,
    "complex_ipde": 0.0,
    "chains_ptm": {
        "0": 0.7476251125335693
    },
    "pair_chains_iptm": {
        "0": {
            "0": 0.7476251125335693
        }
    }
}