{
    "confidence_score": 0.8944673538208008,
    "ptm": 0.864890992641449,
    "iptm": 0.790508508682251,
    "ligand_iptm": 0.9115615487098694,
    "protein_iptm": 0.7163918018341064,
    "complex_plddt": 0.9204570651054382,
    "complex_iplddt": 0.8644819855690002,
    "complex_pde": 0.48634618520736694,
    "complex_ipde": 1.0083880424499512,
    "chains_ptm": {
        "0": 0.9881149530410767,
        "1": 0.9786373376846313,
        "2": 0.9754278659820557,
        "3": 0.0,
        "4": 0.939621090888977
    },
    "pair_chains_iptm": {
        "0": {
            "0": 0.9881149530410767,
            "1": 0.7066354751586914,
            "2": 0.6597859859466553,
            "3": 0.0,
            "4": 0.8972418308258057
        },
        "1": {
            "0": 0.7163918018341064,
            "1": 0.9786373376846313,
            "2": 0.9097410440444946,
            "3": 0.0,
            "4": 0.6585895419120789
        },
        "2": {
            "0": 0.8129091858863831,
            "1": 0.9865431785583496,
            "2": 0.9754278659820557,
            "3": 0.0,
            "4": 0.758307158946991
        },
        "3": {
            "0": 0.829282820224762,
            "1": 0.991297721862793,
            "2": 0.9612905979156494,
            "3": 0.0,
            "4": 0.8008483052253723
        },
        "4": {
            "0": 0.9560885429382324,
            "1": 0.842837929725647,
            "2": 0.8040391802787781,
            "3": 0.0,
            "4": 0.939621090888977
        }
    }
}