{
    "confidence_score": 0.8564938902854919,
    "ptm": 0.9002243280410767,
    "iptm": 0.9672098755836487,
    "ligand_iptm": 0.9672098755836487,
    "protein_iptm": 0.0,
    "complex_plddt": 0.8288148045539856,
    "complex_iplddt": 0.8664767742156982,
    "complex_pde": 0.7032889723777771,
    "complex_ipde": 0.6551464796066284,
    "chains_ptm": {
        "0": 0.8944360613822937,
        "1": 0.9421703219413757
    },
    "pair_chains_iptm": {
        "0": {
            "0": 0.8944360613822937,
            "1": 0.6896930932998657
        },
        "1": {
            "0": 0.9672098755836487,
            "1": 0.9421703219413757
        }
    }
}