{
    "confidence_score": 0.7187319397926331,
    "ptm": 0.7317777276039124,
    "iptm": 0.0,
    "ligand_iptm": 0.0,
    "protein_iptm": 0.0,
    "complex_plddt": 0.7154704928398132,
    "complex_iplddt": 0.7154704928398132,
    "complex_pde": 0.5545636415481567,
    "complex_ipde": 0.0,
    "chains_ptm": {
        "0": 0.7317777276039124
    },
    "pair_chains_iptm": {
        "0": {
            "0": 0.7317777276039124
        }
    }
}