{
    "confidence_score": 0.7215445637702942,
    "ptm": 0.7053933143615723,
    "iptm": 0.0,
    "ligand_iptm": 0.0,
    "protein_iptm": 0.0,
    "complex_plddt": 0.7255823612213135,
    "complex_iplddt": 0.7255823612213135,
    "complex_pde": 0.6961871981620789,
    "complex_ipde": 0.0,
    "chains_ptm": {
        "0": 0.7053933143615723
    },
    "pair_chains_iptm": {
        "0": {
            "0": 0.7053933143615723
        }
    }
}