{
    "confidence_score": 0.7225092053413391,
    "ptm": 0.7371869683265686,
    "iptm": 0.0,
    "ligand_iptm": 0.0,
    "protein_iptm": 0.0,
    "complex_plddt": 0.7188397645950317,
    "complex_iplddt": 0.7188398241996765,
    "complex_pde": 0.5321232676506042,
    "complex_ipde": 0.0,
    "chains_ptm": {
        "0": 0.7371869683265686
    },
    "pair_chains_iptm": {
        "0": {
            "0": 0.7371869683265686
        }
    }
}