{
    "confidence_score": 0.7120005488395691,
    "ptm": 0.7248218655586243,
    "iptm": 0.0,
    "ligand_iptm": 0.0,
    "protein_iptm": 0.0,
    "complex_plddt": 0.7087952494621277,
    "complex_iplddt": 0.7087952494621277,
    "complex_pde": 0.5518686771392822,
    "complex_ipde": 0.0,
    "chains_ptm": {
        "0": 0.7248218655586243
    },
    "pair_chains_iptm": {
        "0": {
            "0": 0.7248218655586243
        }
    }
}