{
    "confidence_score": 0.7106131315231323,
    "ptm": 0.7379488348960876,
    "iptm": 0.0,
    "ligand_iptm": 0.0,
    "protein_iptm": 0.0,
    "complex_plddt": 0.7037791609764099,
    "complex_iplddt": 0.7037791609764099,
    "complex_pde": 0.5259819626808167,
    "complex_ipde": 0.0,
    "chains_ptm": {
        "0": 0.7379488348960876
    },
    "pair_chains_iptm": {
        "0": {
            "0": 0.7379488348960876
        }
    }
}