{
    "confidence_score": 0.7142731547355652,
    "ptm": 0.7397051453590393,
    "iptm": 0.0,
    "ligand_iptm": 0.0,
    "protein_iptm": 0.0,
    "complex_plddt": 0.707915186882019,
    "complex_iplddt": 0.707915186882019,
    "complex_pde": 0.5111098885536194,
    "complex_ipde": 0.0,
    "chains_ptm": {
        "0": 0.7397051453590393
    },
    "pair_chains_iptm": {
        "0": {
            "0": 0.7397051453590393
        }
    }
}