{
    "confidence_score": 0.7166529893875122,
    "ptm": 0.7368995547294617,
    "iptm": 0.0,
    "ligand_iptm": 0.0,
    "protein_iptm": 0.0,
    "complex_plddt": 0.7115913033485413,
    "complex_iplddt": 0.7115913033485413,
    "complex_pde": 0.5212313532829285,
    "complex_ipde": 0.0,
    "chains_ptm": {
        "0": 0.7368995547294617
    },
    "pair_chains_iptm": {
        "0": {
            "0": 0.7368995547294617
        }
    }
}