{
    "confidence_score": 0.7129995226860046,
    "ptm": 0.7327057123184204,
    "iptm": 0.0,
    "ligand_iptm": 0.0,
    "protein_iptm": 0.0,
    "complex_plddt": 0.7080730199813843,
    "complex_iplddt": 0.7080730199813843,
    "complex_pde": 0.5317992568016052,
    "complex_ipde": 0.0,
    "chains_ptm": {
        "0": 0.7327057123184204
    },
    "pair_chains_iptm": {
        "0": {
            "0": 0.7327057123184204
        }
    }
}