{
    "confidence_score": 0.7238436341285706,
    "ptm": 0.7021687626838684,
    "iptm": 0.0,
    "ligand_iptm": 0.0,
    "protein_iptm": 0.0,
    "complex_plddt": 0.7292623519897461,
    "complex_iplddt": 0.7292623519897461,
    "complex_pde": 0.6821119785308838,
    "complex_ipde": 0.0,
    "chains_ptm": {
        "0": 0.7021687626838684
    },
    "pair_chains_iptm": {
        "0": {
            "0": 0.7021687626838684
        }
    }
}