{
    "confidence_score": 0.7124924063682556,
    "ptm": 0.7443625330924988,
    "iptm": 0.0,
    "ligand_iptm": 0.0,
    "protein_iptm": 0.0,
    "complex_plddt": 0.70452481508255,
    "complex_iplddt": 0.70452481508255,
    "complex_pde": 0.5029444098472595,
    "complex_ipde": 0.0,
    "chains_ptm": {
        "0": 0.7443625330924988
    },
    "pair_chains_iptm": {
        "0": {
            "0": 0.7443625330924988
        }
    }
}