{
    "confidence_score": 0.7208000421524048,
    "ptm": 0.7182714343070984,
    "iptm": 0.0,
    "ligand_iptm": 0.0,
    "protein_iptm": 0.0,
    "complex_plddt": 0.7214321494102478,
    "complex_iplddt": 0.721432089805603,
    "complex_pde": 0.5982109308242798,
    "complex_ipde": 0.0,
    "chains_ptm": {
        "0": 0.7182714343070984
    },
    "pair_chains_iptm": {
        "0": {
            "0": 0.7182714343070984
        }
    }
}