{
    "confidence_score": 0.7169114947319031,
    "ptm": 0.7383502125740051,
    "iptm": 0.0,
    "ligand_iptm": 0.0,
    "protein_iptm": 0.0,
    "complex_plddt": 0.7115517854690552,
    "complex_iplddt": 0.7115517854690552,
    "complex_pde": 0.5182603001594543,
    "complex_ipde": 0.0,
    "chains_ptm": {
        "0": 0.7383502125740051
    },
    "pair_chains_iptm": {
        "0": {
            "0": 0.7383502125740051
        }
    }
}