{
    "confidence_score": 0.7102693915367126,
    "ptm": 0.7407675981521606,
    "iptm": 0.0,
    "ligand_iptm": 0.0,
    "protein_iptm": 0.0,
    "complex_plddt": 0.7026447653770447,
    "complex_iplddt": 0.7026447653770447,
    "complex_pde": 0.536148726940155,
    "complex_ipde": 0.0,
    "chains_ptm": {
        "0": 0.7407675981521606
    },
    "pair_chains_iptm": {
        "0": {
            "0": 0.7407675981521606
        }
    }
}