{
    "confidence_score": 0.7179647088050842,
    "ptm": 0.7083316445350647,
    "iptm": 0.0,
    "ligand_iptm": 0.0,
    "protein_iptm": 0.0,
    "complex_plddt": 0.7203729748725891,
    "complex_iplddt": 0.7203730344772339,
    "complex_pde": 0.6031836271286011,
    "complex_ipde": 0.0,
    "chains_ptm": {
        "0": 0.7083316445350647
    },
    "pair_chains_iptm": {
        "0": {
            "0": 0.7083316445350647
        }
    }
}