{
    "confidence_score": 0.7233921885490417,
    "ptm": 0.7194948792457581,
    "iptm": 0.0,
    "ligand_iptm": 0.0,
    "protein_iptm": 0.0,
    "complex_plddt": 0.7243665456771851,
    "complex_iplddt": 0.7243665456771851,
    "complex_pde": 0.5947072505950928,
    "complex_ipde": 0.0,
    "chains_ptm": {
        "0": 0.7194948792457581
    },
    "pair_chains_iptm": {
        "0": {
            "0": 0.7194948792457581
        }
    }
}