{
    "confidence_score": 0.7110767364501953,
    "ptm": 0.7235614657402039,
    "iptm": 0.0,
    "ligand_iptm": 0.0,
    "protein_iptm": 0.0,
    "complex_plddt": 0.707955539226532,
    "complex_iplddt": 0.7079556584358215,
    "complex_pde": 0.5052067637443542,
    "complex_ipde": 0.0,
    "chains_ptm": {
        "0": 0.7235614657402039
    },
    "pair_chains_iptm": {
        "0": {
            "0": 0.7235614657402039
        }
    }
}