{
    "confidence_score": 0.7132925391197205,
    "ptm": 0.7281693816184998,
    "iptm": 0.0,
    "ligand_iptm": 0.0,
    "protein_iptm": 0.0,
    "complex_plddt": 0.7095733284950256,
    "complex_iplddt": 0.7095733284950256,
    "complex_pde": 0.5403857827186584,
    "complex_ipde": 0.0,
    "chains_ptm": {
        "0": 0.7281693816184998
    },
    "pair_chains_iptm": {
        "0": {
            "0": 0.7281693816184998
        }
    }
}