{
    "confidence_score": 0.7087382078170776,
    "ptm": 0.7405736446380615,
    "iptm": 0.0,
    "ligand_iptm": 0.0,
    "protein_iptm": 0.0,
    "complex_plddt": 0.7007793188095093,
    "complex_iplddt": 0.7007793188095093,
    "complex_pde": 0.5272729992866516,
    "complex_ipde": 0.0,
    "chains_ptm": {
        "0": 0.7405736446380615
    },
    "pair_chains_iptm": {
        "0": {
            "0": 0.7405736446380615
        }
    }
}