{
    "confidence_score": 0.712307870388031,
    "ptm": 0.7317923307418823,
    "iptm": 0.0,
    "ligand_iptm": 0.0,
    "protein_iptm": 0.0,
    "complex_plddt": 0.707436740398407,
    "complex_iplddt": 0.707436740398407,
    "complex_pde": 0.532098114490509,
    "complex_ipde": 0.0,
    "chains_ptm": {
        "0": 0.7317923307418823
    },
    "pair_chains_iptm": {
        "0": {
            "0": 0.7317923307418823
        }
    }
}