{
    "confidence_score": 0.7081984281539917,
    "ptm": 0.7467203736305237,
    "iptm": 0.0,
    "ligand_iptm": 0.0,
    "protein_iptm": 0.0,
    "complex_plddt": 0.6985679268836975,
    "complex_iplddt": 0.6985679268836975,
    "complex_pde": 0.5247541666030884,
    "complex_ipde": 0.0,
    "chains_ptm": {
        "0": 0.7467203736305237
    },
    "pair_chains_iptm": {
        "0": {
            "0": 0.7467203736305237
        }
    }
}