{
    "confidence_score": 0.7114958763122559,
    "ptm": 0.745545506477356,
    "iptm": 0.0,
    "ligand_iptm": 0.0,
    "protein_iptm": 0.0,
    "complex_plddt": 0.7029834389686584,
    "complex_iplddt": 0.7029834389686584,
    "complex_pde": 0.5093981027603149,
    "complex_ipde": 0.0,
    "chains_ptm": {
        "0": 0.745545506477356
    },
    "pair_chains_iptm": {
        "0": {
            "0": 0.745545506477356
        }
    }
}