{
    "confidence_score": 0.7122191786766052,
    "ptm": 0.7369425892829895,
    "iptm": 0.0,
    "ligand_iptm": 0.0,
    "protein_iptm": 0.0,
    "complex_plddt": 0.7060383558273315,
    "complex_iplddt": 0.7060382962226868,
    "complex_pde": 0.5491675138473511,
    "complex_ipde": 0.0,
    "chains_ptm": {
        "0": 0.7369425892829895
    },
    "pair_chains_iptm": {
        "0": {
            "0": 0.7369425892829895
        }
    }
}