{
    "confidence_score": 0.7093939781188965,
    "ptm": 0.7377370595932007,
    "iptm": 0.0,
    "ligand_iptm": 0.0,
    "protein_iptm": 0.0,
    "complex_plddt": 0.702308177947998,
    "complex_iplddt": 0.7023081183433533,
    "complex_pde": 0.512733519077301,
    "complex_ipde": 0.0,
    "chains_ptm": {
        "0": 0.7377370595932007
    },
    "pair_chains_iptm": {
        "0": {
            "0": 0.7377370595932007
        }
    }
}