{
    "confidence_score": 0.7104448676109314,
    "ptm": 0.7316038608551025,
    "iptm": 0.0,
    "ligand_iptm": 0.0,
    "protein_iptm": 0.0,
    "complex_plddt": 0.705155074596405,
    "complex_iplddt": 0.705155074596405,
    "complex_pde": 0.5370940566062927,
    "complex_ipde": 0.0,
    "chains_ptm": {
        "0": 0.7316038608551025
    },
    "pair_chains_iptm": {
        "0": {
            "0": 0.7316038608551025
        }
    }
}