{
    "confidence_score": 0.7167011499404907,
    "ptm": 0.7420798540115356,
    "iptm": 0.0,
    "ligand_iptm": 0.0,
    "protein_iptm": 0.0,
    "complex_plddt": 0.7103564143180847,
    "complex_iplddt": 0.7103564143180847,
    "complex_pde": 0.511749267578125,
    "complex_ipde": 0.0,
    "chains_ptm": {
        "0": 0.7420798540115356
    },
    "pair_chains_iptm": {
        "0": {
            "0": 0.7420798540115356
        }
    }
}