{
    "confidence_score": 0.7140347957611084,
    "ptm": 0.7414870858192444,
    "iptm": 0.0,
    "ligand_iptm": 0.0,
    "protein_iptm": 0.0,
    "complex_plddt": 0.7071717381477356,
    "complex_iplddt": 0.7071717381477356,
    "complex_pde": 0.5185757279396057,
    "complex_ipde": 0.0,
    "chains_ptm": {
        "0": 0.7414870858192444
    },
    "pair_chains_iptm": {
        "0": {
            "0": 0.7414870858192444
        }
    }
}