{
    "confidence_score": 0.7111343145370483,
    "ptm": 0.7421898245811462,
    "iptm": 0.0,
    "ligand_iptm": 0.0,
    "protein_iptm": 0.0,
    "complex_plddt": 0.7033703923225403,
    "complex_iplddt": 0.7033703327178955,
    "complex_pde": 0.5118879675865173,
    "complex_ipde": 0.0,
    "chains_ptm": {
        "0": 0.7421898245811462
    },
    "pair_chains_iptm": {
        "0": {
            "0": 0.7421898245811462
        }
    }
}