{
    "confidence_score": 0.7161117196083069,
    "ptm": 0.7383811473846436,
    "iptm": 0.0,
    "ligand_iptm": 0.0,
    "protein_iptm": 0.0,
    "complex_plddt": 0.7105443477630615,
    "complex_iplddt": 0.7105443477630615,
    "complex_pde": 0.5225168466567993,
    "complex_ipde": 0.0,
    "chains_ptm": {
        "0": 0.7383811473846436
    },
    "pair_chains_iptm": {
        "0": {
            "0": 0.7383811473846436
        }
    }
}