{
    "confidence_score": 0.717972993850708,
    "ptm": 0.7436621189117432,
    "iptm": 0.0,
    "ligand_iptm": 0.0,
    "protein_iptm": 0.0,
    "complex_plddt": 0.7115507125854492,
    "complex_iplddt": 0.711550772190094,
    "complex_pde": 0.5166592001914978,
    "complex_ipde": 0.0,
    "chains_ptm": {
        "0": 0.7436621189117432
    },
    "pair_chains_iptm": {
        "0": {
            "0": 0.7436621189117432
        }
    }
}