{
    "confidence_score": 0.7120134234428406,
    "ptm": 0.7271369099617004,
    "iptm": 0.0,
    "ligand_iptm": 0.0,
    "protein_iptm": 0.0,
    "complex_plddt": 0.708232581615448,
    "complex_iplddt": 0.708232581615448,
    "complex_pde": 0.5586506128311157,
    "complex_ipde": 0.0,
    "chains_ptm": {
        "0": 0.7271369099617004
    },
    "pair_chains_iptm": {
        "0": {
            "0": 0.7271369099617004
        }
    }
}