{
    "confidence_score": 0.7105631828308105,
    "ptm": 0.7429550290107727,
    "iptm": 0.0,
    "ligand_iptm": 0.0,
    "protein_iptm": 0.0,
    "complex_plddt": 0.7024652361869812,
    "complex_iplddt": 0.7024651765823364,
    "complex_pde": 0.5136104822158813,
    "complex_ipde": 0.0,
    "chains_ptm": {
        "0": 0.7429550290107727
    },
    "pair_chains_iptm": {
        "0": {
            "0": 0.7429550290107727
        }
    }
}