{
    "confidence_score": 0.7137560844421387,
    "ptm": 0.7331930994987488,
    "iptm": 0.0,
    "ligand_iptm": 0.0,
    "protein_iptm": 0.0,
    "complex_plddt": 0.708896815776825,
    "complex_iplddt": 0.7088969349861145,
    "complex_pde": 0.5423085689544678,
    "complex_ipde": 0.0,
    "chains_ptm": {
        "0": 0.7331930994987488
    },
    "pair_chains_iptm": {
        "0": {
            "0": 0.7331930994987488
        }
    }
}