{
    "confidence_score": 0.7123269438743591,
    "ptm": 0.7356889843940735,
    "iptm": 0.0,
    "ligand_iptm": 0.0,
    "protein_iptm": 0.0,
    "complex_plddt": 0.7064864635467529,
    "complex_iplddt": 0.7064864635467529,
    "complex_pde": 0.5479100942611694,
    "complex_ipde": 0.0,
    "chains_ptm": {
        "0": 0.7356889843940735
    },
    "pair_chains_iptm": {
        "0": {
            "0": 0.7356889843940735
        }
    }
}