{
    "confidence_score": 0.9029531478881836,
    "ptm": 0.885974645614624,
    "iptm": 0.8243505358695984,
    "ligand_iptm": 0.9211235642433167,
    "protein_iptm": 0.7636526823043823,
    "complex_plddt": 0.9226038455963135,
    "complex_iplddt": 0.864543080329895,
    "complex_pde": 0.4718729257583618,
    "complex_ipde": 0.9459753632545471,
    "chains_ptm": {
        "0": 0.9880627393722534,
        "1": 0.9790119528770447,
        "2": 0.9762294292449951,
        "3": 0.0,
        "4": 0.9354393482208252
    },
    "pair_chains_iptm": {
        "0": {
            "0": 0.9880627393722534,
            "1": 0.7537531852722168,
            "2": 0.6975790858268738,
            "3": 0.0,
            "4": 0.8850990533828735
        },
        "1": {
            "0": 0.7636526823043823,
            "1": 0.9790119528770447,
            "2": 0.9046976566314697,
            "3": 0.0,
            "4": 0.6927720308303833
        },
        "2": {
            "0": 0.8517705798149109,
            "1": 0.9868549108505249,
            "2": 0.9762294292449951,
            "3": 0.0,
            "4": 0.7881144881248474
        },
        "3": {
            "0": 0.8720865845680237,
            "1": 0.9911506772041321,
            "2": 0.9616732001304626,
            "3": 0.0,
            "4": 0.8364642858505249
        },
        "4": {
            "0": 0.9521964192390442,
            "1": 0.8798065185546875,
            "2": 0.8255309462547302,
            "3": 0.0,
            "4": 0.9354393482208252
        }
    }
}