{
    "confidence_score": 0.898834228515625,
    "ptm": 0.8465514779090881,
    "iptm": 0.7730659246444702,
    "ligand_iptm": 0.8978554606437683,
    "protein_iptm": 0.680409848690033,
    "complex_plddt": 0.9302762746810913,
    "complex_iplddt": 0.882843554019928,
    "complex_pde": 0.507641077041626,
    "complex_ipde": 1.0992047786712646,
    "chains_ptm": {
        "0": 0.9889299273490906,
        "1": 0.9805252552032471,
        "2": 0.9767709970474243,
        "3": 0.0,
        "4": 0.9375343918800354
    },
    "pair_chains_iptm": {
        "0": {
            "0": 0.9889299273490906,
            "1": 0.6728905439376831,
            "2": 0.623766303062439,
            "3": 0.0,
            "4": 0.8974741101264954
        },
        "1": {
            "0": 0.680409848690033,
            "1": 0.9805252552032471,
            "2": 0.9090918302536011,
            "3": 0.0,
            "4": 0.636263906955719
        },
        "2": {
            "0": 0.7759242653846741,
            "1": 0.9866143465042114,
            "2": 0.9767709970474243,
            "3": 0.0,
            "4": 0.7333765625953674
        },
        "3": {
            "0": 0.7910134792327881,
            "1": 0.9899724125862122,
            "2": 0.9629980325698853,
            "3": 0.0,
            "4": 0.7641908526420593
        },
        "4": {
            "0": 0.9529957175254822,
            "1": 0.8408770561218262,
            "2": 0.7954118847846985,
            "3": 0.0,
            "4": 0.9375343918800354
        }
    }
}