{
    "confidence_score": 0.8579563498497009,
    "ptm": 0.8742080926895142,
    "iptm": 0.9686796069145203,
    "ligand_iptm": 0.9686796069145203,
    "protein_iptm": 0.0,
    "complex_plddt": 0.8302754759788513,
    "complex_iplddt": 0.8734371662139893,
    "complex_pde": 0.8292151093482971,
    "complex_ipde": 0.6739157438278198,
    "chains_ptm": {
        "0": 0.8656195998191833,
        "1": 0.9469577074050903
    },
    "pair_chains_iptm": {
        "0": {
            "0": 0.8656195998191833,
            "1": 0.6935105919837952
        },
        "1": {
            "0": 0.9686796069145203,
            "1": 0.9469577074050903
        }
    }
}