{
    "confidence_score": 0.9524459838867188,
    "ptm": 0.9672244191169739,
    "iptm": 0.9280398488044739,
    "ligand_iptm": 0.9280398488044739,
    "protein_iptm": 0.0,
    "complex_plddt": 0.9585475325584412,
    "complex_iplddt": 0.9241521954536438,
    "complex_pde": 0.36258015036582947,
    "complex_ipde": 0.5140125155448914,
    "chains_ptm": {
        "0": 0.9849441051483154,
        "1": 0.9109258055686951
    },
    "pair_chains_iptm": {
        "0": {
            "0": 0.9849441051483154,
            "1": 0.8932507038116455
        },
        "1": {
            "0": 0.9280398488044739,
            "1": 0.9109258055686951
        }
    }
}