{
    "confidence_score": 0.9521953463554382,
    "ptm": 0.9709432721138,
    "iptm": 0.9399378299713135,
    "ligand_iptm": 0.9399378299713135,
    "protein_iptm": 0.0,
    "complex_plddt": 0.9552596807479858,
    "complex_iplddt": 0.9160639643669128,
    "complex_pde": 0.34310126304626465,
    "complex_ipde": 0.46826934814453125,
    "chains_ptm": {
        "0": 0.9850255250930786,
        "1": 0.9234854578971863
    },
    "pair_chains_iptm": {
        "0": {
            "0": 0.9850255250930786,
            "1": 0.8957928419113159
        },
        "1": {
            "0": 0.9399378299713135,
            "1": 0.9234854578971863
        }
    }
}