{
    "confidence_score": 0.9557178616523743,
    "ptm": 0.972036600112915,
    "iptm": 0.9402753114700317,
    "ligand_iptm": 0.9402753114700317,
    "protein_iptm": 0.0,
    "complex_plddt": 0.9595785140991211,
    "complex_iplddt": 0.9278320670127869,
    "complex_pde": 0.34261342883110046,
    "complex_ipde": 0.46280741691589355,
    "chains_ptm": {
        "0": 0.9862180352210999,
        "1": 0.9243391156196594
    },
    "pair_chains_iptm": {
        "0": {
            "0": 0.9862180352210999,
            "1": 0.9023839235305786
        },
        "1": {
            "0": 0.9402753114700317,
            "1": 0.9243391156196594
        }
    }
}