{
    "confidence_score": 0.9577175378799438,
    "ptm": 0.9731043577194214,
    "iptm": 0.9426053166389465,
    "ligand_iptm": 0.9426053166389465,
    "protein_iptm": 0.0,
    "complex_plddt": 0.9614955186843872,
    "complex_iplddt": 0.9319500923156738,
    "complex_pde": 0.3387400805950165,
    "complex_ipde": 0.4644116461277008,
    "chains_ptm": {
        "0": 0.986737072467804,
        "1": 0.9276543259620667
    },
    "pair_chains_iptm": {
        "0": {
            "0": 0.986737072467804,
            "1": 0.9039425253868103
        },
        "1": {
            "0": 0.9426053166389465,
            "1": 0.9276543259620667
        }
    }
}