{
    "confidence_score": 0.9539338946342468,
    "ptm": 0.9719781875610352,
    "iptm": 0.9401823282241821,
    "ligand_iptm": 0.9401823282241821,
    "protein_iptm": 0.0,
    "complex_plddt": 0.9573718309402466,
    "complex_iplddt": 0.9206799268722534,
    "complex_pde": 0.3427446782588959,
    "complex_ipde": 0.4658597707748413,
    "chains_ptm": {
        "0": 0.9866841435432434,
        "1": 0.9244709610939026
    },
    "pair_chains_iptm": {
        "0": {
            "0": 0.9866841435432434,
            "1": 0.9058476686477661
        },
        "1": {
            "0": 0.9401823282241821,
            "1": 0.9244709610939026
        }
    }
}