{
    "confidence_score": 0.9583244323730469,
    "ptm": 0.9725923538208008,
    "iptm": 0.9396256804466248,
    "ligand_iptm": 0.9396256804466248,
    "protein_iptm": 0.0,
    "complex_plddt": 0.9629991054534912,
    "complex_iplddt": 0.9351006150245667,
    "complex_pde": 0.3447422683238983,
    "complex_ipde": 0.4686894714832306,
    "chains_ptm": {
        "0": 0.9873489141464233,
        "1": 0.92472904920578
    },
    "pair_chains_iptm": {
        "0": {
            "0": 0.9873489141464233,
            "1": 0.9105013012886047
        },
        "1": {
            "0": 0.9396256804466248,
            "1": 0.92472904920578
        }
    }
}