{
    "confidence_score": 0.9570578932762146,
    "ptm": 0.9743422865867615,
    "iptm": 0.9451912641525269,
    "ligand_iptm": 0.9451912641525269,
    "protein_iptm": 0.0,
    "complex_plddt": 0.9600245356559753,
    "complex_iplddt": 0.9274287223815918,
    "complex_pde": 0.33255696296691895,
    "complex_ipde": 0.43804773688316345,
    "chains_ptm": {
        "0": 0.9875535368919373,
        "1": 0.9286370277404785
    },
    "pair_chains_iptm": {
        "0": {
            "0": 0.9875535368919373,
            "1": 0.9099046587944031
        },
        "1": {
            "0": 0.9451912641525269,
            "1": 0.9286370277404785
        }
    }
}