{
    "confidence_score": 0.9516879916191101,
    "ptm": 0.9736664891242981,
    "iptm": 0.9435654878616333,
    "ligand_iptm": 0.9435654878616333,
    "protein_iptm": 0.0,
    "complex_plddt": 0.9537186026573181,
    "complex_iplddt": 0.9135940670967102,
    "complex_pde": 0.3366224765777588,
    "complex_ipde": 0.45744967460632324,
    "chains_ptm": {
        "0": 0.9874415397644043,
        "1": 0.9269184470176697
    },
    "pair_chains_iptm": {
        "0": {
            "0": 0.9874415397644043,
            "1": 0.9068928956985474
        },
        "1": {
            "0": 0.9435654878616333,
            "1": 0.9269184470176697
        }
    }
}