{
    "confidence_score": 0.9606303572654724,
    "ptm": 0.9756008982658386,
    "iptm": 0.949478268623352,
    "ligand_iptm": 0.949478268623352,
    "protein_iptm": 0.0,
    "complex_plddt": 0.9634183645248413,
    "complex_iplddt": 0.9364826083183289,
    "complex_pde": 0.32777369022369385,
    "complex_ipde": 0.4296344518661499,
    "chains_ptm": {
        "0": 0.987353503704071,
        "1": 0.9344518780708313
    },
    "pair_chains_iptm": {
        "0": {
            "0": 0.987353503704071,
            "1": 0.9115756154060364
        },
        "1": {
            "0": 0.949478268623352,
            "1": 0.9344518780708313
        }
    }
}