{
    "confidence_score": 0.9560031294822693,
    "ptm": 0.974080502986908,
    "iptm": 0.9456698298454285,
    "ligand_iptm": 0.9456698298454285,
    "protein_iptm": 0.0,
    "complex_plddt": 0.9585864543914795,
    "complex_iplddt": 0.9241109490394592,
    "complex_pde": 0.3307601809501648,
    "complex_ipde": 0.4397229552268982,
    "chains_ptm": {
        "0": 0.9868596792221069,
        "1": 0.9306706786155701
    },
    "pair_chains_iptm": {
        "0": {
            "0": 0.9868596792221069,
            "1": 0.9099271297454834
        },
        "1": {
            "0": 0.9456698298454285,
            "1": 0.9306706786155701
        }
    }
}