{
    "confidence_score": 0.9559085965156555,
    "ptm": 0.9718288779258728,
    "iptm": 0.9402086734771729,
    "ligand_iptm": 0.9402086734771729,
    "protein_iptm": 0.0,
    "complex_plddt": 0.9598336219787598,
    "complex_iplddt": 0.9272274971008301,
    "complex_pde": 0.34398192167282104,
    "complex_ipde": 0.4661480188369751,
    "chains_ptm": {
        "0": 0.9861963391304016,
        "1": 0.9239669442176819
    },
    "pair_chains_iptm": {
        "0": {
            "0": 0.9861963391304016,
            "1": 0.9024028778076172
        },
        "1": {
            "0": 0.9402086734771729,
            "1": 0.9239669442176819
        }
    }
}