{
    "confidence_score": 0.960240364074707,
    "ptm": 0.9745294451713562,
    "iptm": 0.9446665048599243,
    "ligand_iptm": 0.9446665048599243,
    "protein_iptm": 0.0,
    "complex_plddt": 0.9641337990760803,
    "complex_iplddt": 0.9384593963623047,
    "complex_pde": 0.33678942918777466,
    "complex_ipde": 0.4474349319934845,
    "chains_ptm": {
        "0": 0.9879435300827026,
        "1": 0.9300836324691772
    },
    "pair_chains_iptm": {
        "0": {
            "0": 0.9879435300827026,
            "1": 0.9142395257949829
        },
        "1": {
            "0": 0.9446665048599243,
            "1": 0.9300836324691772
        }
    }
}