{
    "confidence_score": 0.943845272064209,
    "ptm": 0.9685653448104858,
    "iptm": 0.9321550130844116,
    "ligand_iptm": 0.9321550130844116,
    "protein_iptm": 0.0,
    "complex_plddt": 0.9467678070068359,
    "complex_iplddt": 0.8983678221702576,
    "complex_pde": 0.3593217432498932,
    "complex_ipde": 0.4977528750896454,
    "chains_ptm": {
        "0": 0.9853193163871765,
        "1": 0.912708580493927
    },
    "pair_chains_iptm": {
        "0": {
            "0": 0.9853193163871765,
            "1": 0.8867923617362976
        },
        "1": {
            "0": 0.9321550130844116,
            "1": 0.912708580493927
        }
    }
}