{
    "confidence_score": 0.9513905644416809,
    "ptm": 0.975939929485321,
    "iptm": 0.948352575302124,
    "ligand_iptm": 0.948352575302124,
    "protein_iptm": 0.0,
    "complex_plddt": 0.9521500468254089,
    "complex_iplddt": 0.9119473695755005,
    "complex_pde": 0.3324735462665558,
    "complex_ipde": 0.4262033998966217,
    "chains_ptm": {
        "0": 0.9885048270225525,
        "1": 0.9315823316574097
    },
    "pair_chains_iptm": {
        "0": {
            "0": 0.9885048270225525,
            "1": 0.9135552644729614
        },
        "1": {
            "0": 0.948352575302124,
            "1": 0.9315823316574097
        }
    }
}