{
    "confidence_score": 0.9535043835639954,
    "ptm": 0.9716026186943054,
    "iptm": 0.9397803544998169,
    "ligand_iptm": 0.9397803544998169,
    "protein_iptm": 0.0,
    "complex_plddt": 0.9569353461265564,
    "complex_iplddt": 0.9203727841377258,
    "complex_pde": 0.3409450948238373,
    "complex_ipde": 0.4647062122821808,
    "chains_ptm": {
        "0": 0.9861241579055786,
        "1": 0.9236873388290405
    },
    "pair_chains_iptm": {
        "0": {
            "0": 0.9861241579055786,
            "1": 0.9029800295829773
        },
        "1": {
            "0": 0.9397803544998169,
            "1": 0.9236873388290405
        }
    }
}