{
    "confidence_score": 0.9600427746772766,
    "ptm": 0.9780380725860596,
    "iptm": 0.95406174659729,
    "ligand_iptm": 0.95406174659729,
    "protein_iptm": 0.0,
    "complex_plddt": 0.9615379571914673,
    "complex_iplddt": 0.9340885877609253,
    "complex_pde": 0.32110920548439026,
    "complex_ipde": 0.4132081866264343,
    "chains_ptm": {
        "0": 0.9885818362236023,
        "1": 0.9360756278038025
    },
    "pair_chains_iptm": {
        "0": {
            "0": 0.9885818362236023,
            "1": 0.9151983857154846
        },
        "1": {
            "0": 0.95406174659729,
            "1": 0.9360756278038025
        }
    }
}