{
    "confidence_score": 0.9532263875007629,
    "ptm": 0.9745768904685974,
    "iptm": 0.9464505314826965,
    "ligand_iptm": 0.9464505314826965,
    "protein_iptm": 0.0,
    "complex_plddt": 0.9549203515052795,
    "complex_iplddt": 0.9154812097549438,
    "complex_pde": 0.3297736644744873,
    "complex_ipde": 0.4331141710281372,
    "chains_ptm": {
        "0": 0.9873156547546387,
        "1": 0.9291234612464905
    },
    "pair_chains_iptm": {
        "0": {
            "0": 0.9873156547546387,
            "1": 0.9078077673912048
        },
        "1": {
            "0": 0.9464505314826965,
            "1": 0.9291234612464905
        }
    }
}