{
    "confidence_score": 0.9543935060501099,
    "ptm": 0.9728550910949707,
    "iptm": 0.9431815147399902,
    "ligand_iptm": 0.9431815147399902,
    "protein_iptm": 0.0,
    "complex_plddt": 0.9571964740753174,
    "complex_iplddt": 0.9200125932693481,
    "complex_pde": 0.33705246448516846,
    "complex_ipde": 0.4498995542526245,
    "chains_ptm": {
        "0": 0.9864435791969299,
        "1": 0.9277708530426025
    },
    "pair_chains_iptm": {
        "0": {
            "0": 0.9864435791969299,
            "1": 0.9067465662956238
        },
        "1": {
            "0": 0.9431815147399902,
            "1": 0.9277708530426025
        }
    }
}