{
    "confidence_score": 0.9575719833374023,
    "ptm": 0.9687418937683105,
    "iptm": 0.933526337146759,
    "ligand_iptm": 0.933526337146759,
    "protein_iptm": 0.0,
    "complex_plddt": 0.9635833501815796,
    "complex_iplddt": 0.9366075396537781,
    "complex_pde": 0.35431259870529175,
    "complex_ipde": 0.4962584376335144,
    "chains_ptm": {
        "0": 0.9845432043075562,
        "1": 0.9186577796936035
    },
    "pair_chains_iptm": {
        "0": {
            "0": 0.9845432043075562,
            "1": 0.8964743614196777
        },
        "1": {
            "0": 0.933526337146759,
            "1": 0.9186577796936035
        }
    }
}