{
    "confidence_score": 0.9573379755020142,
    "ptm": 0.9740906953811646,
    "iptm": 0.9429967999458313,
    "ligand_iptm": 0.9429967999458313,
    "protein_iptm": 0.0,
    "complex_plddt": 0.9609231948852539,
    "complex_iplddt": 0.9314618110656738,
    "complex_pde": 0.3390432894229889,
    "complex_ipde": 0.44801124930381775,
    "chains_ptm": {
        "0": 0.9881006479263306,
        "1": 0.926300585269928
    },
    "pair_chains_iptm": {
        "0": {
            "0": 0.9881006479263306,
            "1": 0.9114118218421936
        },
        "1": {
            "0": 0.9429967999458313,
            "1": 0.926300585269928
        }
    }
}