{
    "confidence_score": 0.9554368853569031,
    "ptm": 0.9731189608573914,
    "iptm": 0.9428436160087585,
    "ligand_iptm": 0.9428436160087585,
    "protein_iptm": 0.0,
    "complex_plddt": 0.9585852026939392,
    "complex_iplddt": 0.9243069887161255,
    "complex_pde": 0.3389490842819214,
    "complex_ipde": 0.4528983533382416,
    "chains_ptm": {
        "0": 0.9868453741073608,
        "1": 0.9273351430892944
    },
    "pair_chains_iptm": {
        "0": {
            "0": 0.9868453741073608,
            "1": 0.90946364402771
        },
        "1": {
            "0": 0.9428436160087585,
            "1": 0.9273351430892944
        }
    }
}