{
    "confidence_score": 0.960358738899231,
    "ptm": 0.9746881127357483,
    "iptm": 0.9465954899787903,
    "ligand_iptm": 0.9465954899787903,
    "protein_iptm": 0.0,
    "complex_plddt": 0.9637995362281799,
    "complex_iplddt": 0.9379570484161377,
    "complex_pde": 0.33308395743370056,
    "complex_ipde": 0.4404774010181427,
    "chains_ptm": {
        "0": 0.9870598316192627,
        "1": 0.9300357699394226
    },
    "pair_chains_iptm": {
        "0": {
            "0": 0.9870598316192627,
            "1": 0.9077237844467163
        },
        "1": {
            "0": 0.9465954899787903,
            "1": 0.9300357699394226
        }
    }
}