{
    "confidence_score": 0.9558954238891602,
    "ptm": 0.9712152481079102,
    "iptm": 0.9382833242416382,
    "ligand_iptm": 0.9382833242416382,
    "protein_iptm": 0.0,
    "complex_plddt": 0.9602984189987183,
    "complex_iplddt": 0.9285647869110107,
    "complex_pde": 0.34483569860458374,
    "complex_ipde": 0.47372257709503174,
    "chains_ptm": {
        "0": 0.9861466884613037,
        "1": 0.9224347472190857
    },
    "pair_chains_iptm": {
        "0": {
            "0": 0.9861466884613037,
            "1": 0.9040263891220093
        },
        "1": {
            "0": 0.9382833242416382,
            "1": 0.9224347472190857
        }
    }
}