{
    "confidence_score": 0.9534972310066223,
    "ptm": 0.9711772203445435,
    "iptm": 0.9379304647445679,
    "ligand_iptm": 0.9379304647445679,
    "protein_iptm": 0.0,
    "complex_plddt": 0.9573888778686523,
    "complex_iplddt": 0.9209304451942444,
    "complex_pde": 0.3472132682800293,
    "complex_ipde": 0.48162776231765747,
    "chains_ptm": {
        "0": 0.9862396121025085,
        "1": 0.9224573373794556
    },
    "pair_chains_iptm": {
        "0": {
            "0": 0.9862396121025085,
            "1": 0.9017684459686279
        },
        "1": {
            "0": 0.9379304647445679,
            "1": 0.9224573373794556
        }
    }
}