{
    "confidence_score": 0.9567060470581055,
    "ptm": 0.9753146767616272,
    "iptm": 0.9487565159797668,
    "ligand_iptm": 0.9487565159797668,
    "protein_iptm": 0.0,
    "complex_plddt": 0.9586933851242065,
    "complex_iplddt": 0.9240895509719849,
    "complex_pde": 0.32728034257888794,
    "complex_ipde": 0.4317128360271454,
    "chains_ptm": {
        "0": 0.987424910068512,
        "1": 0.9330108761787415
    },
    "pair_chains_iptm": {
        "0": {
            "0": 0.987424910068512,
            "1": 0.9124285578727722
        },
        "1": {
            "0": 0.9487565159797668,
            "1": 0.9330108761787415
        }
    }
}