{
    "confidence_score": 0.956821620464325,
    "ptm": 0.9726561903953552,
    "iptm": 0.9431815147399902,
    "ligand_iptm": 0.9431815147399902,
    "protein_iptm": 0.0,
    "complex_plddt": 0.960231602191925,
    "complex_iplddt": 0.9284467101097107,
    "complex_pde": 0.3376064896583557,
    "complex_ipde": 0.4540973901748657,
    "chains_ptm": {
        "0": 0.9860615730285645,
        "1": 0.9269275665283203
    },
    "pair_chains_iptm": {
        "0": {
            "0": 0.9860615730285645,
            "1": 0.9058070182800293
        },
        "1": {
            "0": 0.9431815147399902,
            "1": 0.9269275665283203
        }
    }
}