{
    "confidence_score": 0.9572760462760925,
    "ptm": 0.9724802374839783,
    "iptm": 0.9400833249092102,
    "ligand_iptm": 0.9400833249092102,
    "protein_iptm": 0.0,
    "complex_plddt": 0.9615742564201355,
    "complex_iplddt": 0.9330881237983704,
    "complex_pde": 0.344711571931839,
    "complex_ipde": 0.48143187165260315,
    "chains_ptm": {
        "0": 0.9868646860122681,
        "1": 0.9253720045089722
    },
    "pair_chains_iptm": {
        "0": {
            "0": 0.9868646860122681,
            "1": 0.9039910435676575
        },
        "1": {
            "0": 0.9400833249092102,
            "1": 0.9253720045089722
        }
    }
}