{
    "confidence_score": 0.9561342597007751,
    "ptm": 0.9742969870567322,
    "iptm": 0.944378137588501,
    "ligand_iptm": 0.944378137588501,
    "protein_iptm": 0.0,
    "complex_plddt": 0.9590732455253601,
    "complex_iplddt": 0.9256659150123596,
    "complex_pde": 0.33433377742767334,
    "complex_ipde": 0.44418829679489136,
    "chains_ptm": {
        "0": 0.9877703785896301,
        "1": 0.9280003905296326
    },
    "pair_chains_iptm": {
        "0": {
            "0": 0.9877703785896301,
            "1": 0.9117575287818909
        },
        "1": {
            "0": 0.944378137588501,
            "1": 0.9280003905296326
        }
    }
}