{
    "confidence_score": 0.9537723660469055,
    "ptm": 0.9709197282791138,
    "iptm": 0.9374628067016602,
    "ligand_iptm": 0.9374628067016602,
    "protein_iptm": 0.0,
    "complex_plddt": 0.9578498005867004,
    "complex_iplddt": 0.921856701374054,
    "complex_pde": 0.3461759090423584,
    "complex_ipde": 0.482672780752182,
    "chains_ptm": {
        "0": 0.9859658479690552,
        "1": 0.922631561756134
    },
    "pair_chains_iptm": {
        "0": {
            "0": 0.9859658479690552,
            "1": 0.9029391407966614
        },
        "1": {
            "0": 0.9374628067016602,
            "1": 0.922631561756134
        }
    }
}