{
    "confidence_score": 0.957371711730957,
    "ptm": 0.9719997644424438,
    "iptm": 0.9417852163314819,
    "ligand_iptm": 0.9417852163314819,
    "protein_iptm": 0.0,
    "complex_plddt": 0.9612683057785034,
    "complex_iplddt": 0.9308800101280212,
    "complex_pde": 0.3403449058532715,
    "complex_ipde": 0.46122121810913086,
    "chains_ptm": {
        "0": 0.9858381152153015,
        "1": 0.9262694120407104
    },
    "pair_chains_iptm": {
        "0": {
            "0": 0.9858381152153015,
            "1": 0.9013849496841431
        },
        "1": {
            "0": 0.9417852163314819,
            "1": 0.9262694120407104
        }
    }
}