{
    "confidence_score": 0.9488466382026672,
    "ptm": 0.9723740816116333,
    "iptm": 0.9416835308074951,
    "ligand_iptm": 0.9416835308074951,
    "protein_iptm": 0.0,
    "complex_plddt": 0.9506374001502991,
    "complex_iplddt": 0.9062734842300415,
    "complex_pde": 0.3427847921848297,
    "complex_ipde": 0.4668540060520172,
    "chains_ptm": {
        "0": 0.9861999154090881,
        "1": 0.9268530011177063
    },
    "pair_chains_iptm": {
        "0": {
            "0": 0.9861999154090881,
            "1": 0.9052790403366089
        },
        "1": {
            "0": 0.9416835308074951,
            "1": 0.9268530011177063
        }
    }
}