{
    "confidence_score": 0.9549849629402161,
    "ptm": 0.9707916975021362,
    "iptm": 0.9373353719711304,
    "ligand_iptm": 0.9373353719711304,
    "protein_iptm": 0.0,
    "complex_plddt": 0.9593973159790039,
    "complex_iplddt": 0.9273633360862732,
    "complex_pde": 0.34690913558006287,
    "complex_ipde": 0.4690450429916382,
    "chains_ptm": {
        "0": 0.9859432578086853,
        "1": 0.9205329418182373
    },
    "pair_chains_iptm": {
        "0": {
            "0": 0.9859432578086853,
            "1": 0.9045652151107788
        },
        "1": {
            "0": 0.9373353719711304,
            "1": 0.9205329418182373
        }
    }
}