{
    "confidence_score": 0.9545604586601257,
    "ptm": 0.9711050391197205,
    "iptm": 0.9392185211181641,
    "ligand_iptm": 0.9392185211181641,
    "protein_iptm": 0.0,
    "complex_plddt": 0.9583959579467773,
    "complex_iplddt": 0.9237963557243347,
    "complex_pde": 0.3463222086429596,
    "complex_ipde": 0.47662967443466187,
    "chains_ptm": {
        "0": 0.9856557250022888,
        "1": 0.9241673946380615
    },
    "pair_chains_iptm": {
        "0": {
            "0": 0.9856557250022888,
            "1": 0.9035583138465881
        },
        "1": {
            "0": 0.9392185211181641,
            "1": 0.9241673946380615
        }
    }
}