{
    "confidence_score": 0.9472866058349609,
    "ptm": 0.9716033935546875,
    "iptm": 0.9404189586639404,
    "ligand_iptm": 0.9404189586639404,
    "protein_iptm": 0.0,
    "complex_plddt": 0.9490035772323608,
    "complex_iplddt": 0.9043347835540771,
    "complex_pde": 0.34593266248703003,
    "complex_ipde": 0.46312275528907776,
    "chains_ptm": {
        "0": 0.9859015345573425,
        "1": 0.9244832992553711
    },
    "pair_chains_iptm": {
        "0": {
            "0": 0.9859015345573425,
            "1": 0.9016998410224915
        },
        "1": {
            "0": 0.9404189586639404,
            "1": 0.9244832992553711
        }
    }
}