{
    "confidence_score": 0.9544106721878052,
    "ptm": 0.9734175801277161,
    "iptm": 0.9433886408805847,
    "ligand_iptm": 0.9433886408805847,
    "protein_iptm": 0.0,
    "complex_plddt": 0.9571661949157715,
    "complex_iplddt": 0.9206607341766357,
    "complex_pde": 0.3369751572608948,
    "complex_ipde": 0.45017367601394653,
    "chains_ptm": {
        "0": 0.9872056841850281,
        "1": 0.9270694851875305
    },
    "pair_chains_iptm": {
        "0": {
            "0": 0.9872056841850281,
            "1": 0.9086692333221436
        },
        "1": {
            "0": 0.9433886408805847,
            "1": 0.9270694851875305
        }
    }
}