{
    "confidence_score": 0.9592548608779907,
    "ptm": 0.9750788807868958,
    "iptm": 0.9485791325569153,
    "ligand_iptm": 0.9485791325569153,
    "protein_iptm": 0.0,
    "complex_plddt": 0.9619237184524536,
    "complex_iplddt": 0.93285071849823,
    "complex_pde": 0.32943224906921387,
    "complex_ipde": 0.4306245744228363,
    "chains_ptm": {
        "0": 0.9869740605354309,
        "1": 0.933334469795227
    },
    "pair_chains_iptm": {
        "0": {
            "0": 0.9869740605354309,
            "1": 0.911311686038971
        },
        "1": {
            "0": 0.9485791325569153,
            "1": 0.933334469795227
        }
    }
}