{
    "confidence_score": 0.9579945802688599,
    "ptm": 0.9735966324806213,
    "iptm": 0.9444743990898132,
    "ligand_iptm": 0.9444743990898132,
    "protein_iptm": 0.0,
    "complex_plddt": 0.9613745808601379,
    "complex_iplddt": 0.931492805480957,
    "complex_pde": 0.3363706171512604,
    "complex_ipde": 0.4605819582939148,
    "chains_ptm": {
        "0": 0.9865500926971436,
        "1": 0.9300736784934998
    },
    "pair_chains_iptm": {
        "0": {
            "0": 0.9865500926971436,
            "1": 0.9074375033378601
        },
        "1": {
            "0": 0.9444743990898132,
            "1": 0.9300736784934998
        }
    }
}