{
    "confidence_score": 0.9563457369804382,
    "ptm": 0.974010169506073,
    "iptm": 0.9449613690376282,
    "ligand_iptm": 0.9449613690376282,
    "protein_iptm": 0.0,
    "complex_plddt": 0.9591918587684631,
    "complex_iplddt": 0.9269896149635315,
    "complex_pde": 0.33535468578338623,
    "complex_ipde": 0.44637665152549744,
    "chains_ptm": {
        "0": 0.9868302941322327,
        "1": 0.9291629791259766
    },
    "pair_chains_iptm": {
        "0": {
            "0": 0.9868302941322327,
            "1": 0.9087469577789307
        },
        "1": {
            "0": 0.9449613690376282,
            "1": 0.9291629791259766
        }
    }
}