{
    "confidence_score": 0.9567575454711914,
    "ptm": 0.9702364802360535,
    "iptm": 0.9370222687721252,
    "ligand_iptm": 0.9370222687721252,
    "protein_iptm": 0.0,
    "complex_plddt": 0.9616913795471191,
    "complex_iplddt": 0.9319479465484619,
    "complex_pde": 0.3485471308231354,
    "complex_ipde": 0.48202481865882874,
    "chains_ptm": {
        "0": 0.9851797819137573,
        "1": 0.9207261800765991
    },
    "pair_chains_iptm": {
        "0": {
            "0": 0.9851797819137573,
            "1": 0.8960957527160645
        },
        "1": {
            "0": 0.9370222687721252,
            "1": 0.9207261800765991
        }
    }
}