{
    "confidence_score": 0.9588516354560852,
    "ptm": 0.9758673906326294,
    "iptm": 0.9497690200805664,
    "ligand_iptm": 0.9497690200805664,
    "protein_iptm": 0.0,
    "complex_plddt": 0.9611222743988037,
    "complex_iplddt": 0.9303667545318604,
    "complex_pde": 0.32610154151916504,
    "complex_ipde": 0.42794403433799744,
    "chains_ptm": {
        "0": 0.9877010583877563,
        "1": 0.9341892600059509
    },
    "pair_chains_iptm": {
        "0": {
            "0": 0.9877010583877563,
            "1": 0.9137181639671326
        },
        "1": {
            "0": 0.9497690200805664,
            "1": 0.9341892600059509
        }
    }
}