{
    "confidence_score": 0.9580596089363098,
    "ptm": 0.9733520150184631,
    "iptm": 0.9433843493461609,
    "ligand_iptm": 0.9433843493461609,
    "protein_iptm": 0.0,
    "complex_plddt": 0.9617283940315247,
    "complex_iplddt": 0.9320540428161621,
    "complex_pde": 0.3375409245491028,
    "complex_ipde": 0.45517733693122864,
    "chains_ptm": {
        "0": 0.9869416952133179,
        "1": 0.9276490211486816
    },
    "pair_chains_iptm": {
        "0": {
            "0": 0.9869416952133179,
            "1": 0.9067955613136292
        },
        "1": {
            "0": 0.9433843493461609,
            "1": 0.9276490211486816
        }
    }
}