{
    "confidence_score": 0.9557275176048279,
    "ptm": 0.9727774858474731,
    "iptm": 0.9434753060340881,
    "ligand_iptm": 0.9434753060340881,
    "protein_iptm": 0.0,
    "complex_plddt": 0.9587905406951904,
    "complex_iplddt": 0.9247357249259949,
    "complex_pde": 0.3373452126979828,
    "complex_ipde": 0.45509588718414307,
    "chains_ptm": {
        "0": 0.9861275553703308,
        "1": 0.9275473952293396
    },
    "pair_chains_iptm": {
        "0": {
            "0": 0.9861275553703308,
            "1": 0.9021942019462585
        },
        "1": {
            "0": 0.9434753060340881,
            "1": 0.9275473952293396
        }
    }
}