{
    "confidence_score": 0.9565420150756836,
    "ptm": 0.9746617078781128,
    "iptm": 0.94488525390625,
    "ligand_iptm": 0.94488525390625,
    "protein_iptm": 0.0,
    "complex_plddt": 0.9594562649726868,
    "complex_iplddt": 0.9272009134292603,
    "complex_pde": 0.33374664187431335,
    "complex_ipde": 0.4438857436180115,
    "chains_ptm": {
        "0": 0.9881359338760376,
        "1": 0.9291717410087585
    },
    "pair_chains_iptm": {
        "0": {
            "0": 0.9881359338760376,
            "1": 0.9136902093887329
        },
        "1": {
            "0": 0.94488525390625,
            "1": 0.9291717410087585
        }
    }
}