{
    "confidence_score": 0.9569206237792969,
    "ptm": 0.9717175960540771,
    "iptm": 0.9396259188652039,
    "ligand_iptm": 0.9396259188652039,
    "protein_iptm": 0.0,
    "complex_plddt": 0.9612442851066589,
    "complex_iplddt": 0.9309688806533813,
    "complex_pde": 0.345472514629364,
    "complex_ipde": 0.4747864603996277,
    "chains_ptm": {
        "0": 0.986187756061554,
        "1": 0.9239155054092407
    },
    "pair_chains_iptm": {
        "0": {
            "0": 0.986187756061554,
            "1": 0.9026950001716614
        },
        "1": {
            "0": 0.9396259188652039,
            "1": 0.9239155054092407
        }
    }
}