{
    "confidence_score": 0.9553155303001404,
    "ptm": 0.9698456525802612,
    "iptm": 0.936081051826477,
    "ligand_iptm": 0.936081051826477,
    "protein_iptm": 0.0,
    "complex_plddt": 0.960124135017395,
    "complex_iplddt": 0.9284560084342957,
    "complex_pde": 0.35019955039024353,
    "complex_ipde": 0.49298977851867676,
    "chains_ptm": {
        "0": 0.9849905967712402,
        "1": 0.9210463166236877
    },
    "pair_chains_iptm": {
        "0": {
            "0": 0.9849905967712402,
            "1": 0.8982288241386414
        },
        "1": {
            "0": 0.936081051826477,
            "1": 0.9210463166236877
        }
    }
}