{
    "confidence_score": 0.9534382224082947,
    "ptm": 0.9720292091369629,
    "iptm": 0.9402340650558472,
    "ligand_iptm": 0.9402340650558472,
    "protein_iptm": 0.0,
    "complex_plddt": 0.9567391872406006,
    "complex_iplddt": 0.919306218624115,
    "complex_pde": 0.34207966923713684,
    "complex_ipde": 0.4678660035133362,
    "chains_ptm": {
        "0": 0.9865694046020508,
        "1": 0.9244264364242554
    },
    "pair_chains_iptm": {
        "0": {
            "0": 0.9865694046020508,
            "1": 0.9049774408340454
        },
        "1": {
            "0": 0.9402340650558472,
            "1": 0.9244264364242554
        }
    }
}