{
    "confidence_score": 0.9577168822288513,
    "ptm": 0.9734348058700562,
    "iptm": 0.9429090619087219,
    "ligand_iptm": 0.9429090619087219,
    "protein_iptm": 0.0,
    "complex_plddt": 0.9614188075065613,
    "complex_iplddt": 0.9309407472610474,
    "complex_pde": 0.3391536474227905,
    "complex_ipde": 0.4477367401123047,
    "chains_ptm": {
        "0": 0.9873520135879517,
        "1": 0.9272595643997192
    },
    "pair_chains_iptm": {
        "0": {
            "0": 0.9873520135879517,
            "1": 0.9101013541221619
        },
        "1": {
            "0": 0.9429090619087219,
            "1": 0.9272595643997192
        }
    }
}