{
    "confidence_score": 0.9558898210525513,
    "ptm": 0.9684179425239563,
    "iptm": 0.9317958354949951,
    "ligand_iptm": 0.9317958354949951,
    "protein_iptm": 0.0,
    "complex_plddt": 0.9619132876396179,
    "complex_iplddt": 0.9330683946609497,
    "complex_pde": 0.35858389735221863,
    "complex_ipde": 0.5029495358467102,
    "chains_ptm": {
        "0": 0.9850367307662964,
        "1": 0.9146623015403748
    },
    "pair_chains_iptm": {
        "0": {
            "0": 0.9850367307662964,
            "1": 0.89500492811203
        },
        "1": {
            "0": 0.9317958354949951,
            "1": 0.9146623015403748
        }
    }
}