{
    "confidence_score": 0.9579408764839172,
    "ptm": 0.9717916250228882,
    "iptm": 0.9382973313331604,
    "ligand_iptm": 0.9382973313331604,
    "protein_iptm": 0.0,
    "complex_plddt": 0.9628517627716064,
    "complex_iplddt": 0.9353482127189636,
    "complex_pde": 0.34533944725990295,
    "complex_ipde": 0.4675150513648987,
    "chains_ptm": {
        "0": 0.9870734214782715,
        "1": 0.9230418801307678
    },
    "pair_chains_iptm": {
        "0": {
            "0": 0.9870734214782715,
            "1": 0.90915846824646
        },
        "1": {
            "0": 0.9382973313331604,
            "1": 0.9230418801307678
        }
    }
}