{
    "confidence_score": 0.9582175612449646,
    "ptm": 0.9728703498840332,
    "iptm": 0.9441572427749634,
    "ligand_iptm": 0.9441572427749634,
    "protein_iptm": 0.0,
    "complex_plddt": 0.9617326259613037,
    "complex_iplddt": 0.932589054107666,
    "complex_pde": 0.3335472047328949,
    "complex_ipde": 0.442050039768219,
    "chains_ptm": {
        "0": 0.986065685749054,
        "1": 0.9272192120552063
    },
    "pair_chains_iptm": {
        "0": {
            "0": 0.986065685749054,
            "1": 0.9054113030433655
        },
        "1": {
            "0": 0.9441572427749634,
            "1": 0.9272192120552063
        }
    }
}