{
    "confidence_score": 0.8988564610481262,
    "ptm": 0.8852373957633972,
    "iptm": 0.8232616186141968,
    "ligand_iptm": 0.9185901880264282,
    "protein_iptm": 0.7648581862449646,
    "complex_plddt": 0.9177551865577698,
    "complex_iplddt": 0.8495113849639893,
    "complex_pde": 0.46137046813964844,
    "complex_ipde": 0.8943536281585693,
    "chains_ptm": {
        "0": 0.9879079461097717,
        "1": 0.978502094745636,
        "2": 0.9746809005737305,
        "3": 0.0,
        "4": 0.931934118270874
    },
    "pair_chains_iptm": {
        "0": {
            "0": 0.9879079461097717,
            "1": 0.7614342570304871,
            "2": 0.7037984132766724,
            "3": 0.0,
            "4": 0.8778715133666992
        },
        "1": {
            "0": 0.7648581862449646,
            "1": 0.978502094745636,
            "2": 0.9078807234764099,
            "3": 0.0,
            "4": 0.6871203184127808
        },
        "2": {
            "0": 0.8575242757797241,
            "1": 0.9871121048927307,
            "2": 0.9746809005737305,
            "3": 0.0,
            "4": 0.7908329367637634
        },
        "3": {
            "0": 0.8728115558624268,
            "1": 0.9910227060317993,
            "2": 0.9608618021011353,
            "3": 0.0,
            "4": 0.8372825384140015
        },
        "4": {
            "0": 0.9461982250213623,
            "1": 0.8857591152191162,
            "2": 0.8353443741798401,
            "3": 0.0,
            "4": 0.931934118270874
        }
    }
}