{
    "confidence_score": 0.9093486666679382,
    "ptm": 0.865986704826355,
    "iptm": 0.7967000603675842,
    "ligand_iptm": 0.9105739593505859,
    "protein_iptm": 0.7285376787185669,
    "complex_plddt": 0.9375107884407043,
    "complex_iplddt": 0.8993869423866272,
    "complex_pde": 0.48519954085350037,
    "complex_ipde": 0.9740245342254639,
    "chains_ptm": {
        "0": 0.987132728099823,
        "1": 0.9769946932792664,
        "2": 0.971573531627655,
        "3": 0.0,
        "4": 0.9318947792053223
    },
    "pair_chains_iptm": {
        "0": {
            "0": 0.987132728099823,
            "1": 0.726415753364563,
            "2": 0.6583935022354126,
            "3": 0.0,
            "4": 0.8918287754058838
        },
        "1": {
            "0": 0.7285376787185669,
            "1": 0.9769946932792664,
            "2": 0.891566812992096,
            "3": 0.0,
            "4": 0.6709517240524292
        },
        "2": {
            "0": 0.8239491581916809,
            "1": 0.985162615776062,
            "2": 0.971573531627655,
            "3": 0.0,
            "4": 0.770351767539978
        },
        "3": {
            "0": 0.8384315371513367,
            "1": 0.9894723296165466,
            "2": 0.9483077526092529,
            "3": 0.0,
            "4": 0.8055919408798218
        },
        "4": {
            "0": 0.9487273097038269,
            "1": 0.8772632479667664,
            "2": 0.8085289597511292,
            "3": 0.0,
            "4": 0.9318947792053223
        }
    }
}