{
    "confidence_score": 0.9085344672203064,
    "ptm": 0.8676840662956238,
    "iptm": 0.7985861301422119,
    "ligand_iptm": 0.9106079936027527,
    "protein_iptm": 0.734354555606842,
    "complex_plddt": 0.9360215663909912,
    "complex_iplddt": 0.8949731588363647,
    "complex_pde": 0.4875031113624573,
    "complex_ipde": 0.9730322957038879,
    "chains_ptm": {
        "0": 0.9871510863304138,
        "1": 0.9762877821922302,
        "2": 0.9261776208877563,
        "3": 0.0,
        "4": 0.9334903955459595
    },
    "pair_chains_iptm": {
        "0": {
            "0": 0.9871510863304138,
            "1": 0.7194363474845886,
            "2": 0.6224627494812012,
            "3": 0.0,
            "4": 0.8917399048805237
        },
        "1": {
            "0": 0.734354555606842,
            "1": 0.9762877821922302,
            "2": 0.8407617211341858,
            "3": 0.0,
            "4": 0.6718105673789978
        },
        "2": {
            "0": 0.8164553046226501,
            "1": 0.9737726449966431,
            "2": 0.9261776208877563,
            "3": 0.0,
            "4": 0.7628435492515564
        },
        "3": {
            "0": 0.8332895040512085,
            "1": 0.9824122190475464,
            "2": 0.8949016332626343,
            "3": 0.0,
            "4": 0.7992368936538696
        },
        "4": {
            "0": 0.9519693851470947,
            "1": 0.8826311826705933,
            "2": 0.7636809349060059,
            "3": 0.0,
            "4": 0.9334903955459595
        }
    }
}