{
    "confidence_score": 0.918910026550293,
    "ptm": 0.8785334229469299,
    "iptm": 0.816697359085083,
    "ligand_iptm": 0.9167380332946777,
    "protein_iptm": 0.7532289028167725,
    "complex_plddt": 0.9444631934165955,
    "complex_iplddt": 0.916069507598877,
    "complex_pde": 0.4863143265247345,
    "complex_ipde": 0.9963501691818237,
    "chains_ptm": {
        "0": 0.9874289631843567,
        "1": 0.9791819453239441,
        "2": 0.9757908582687378,
        "3": 0.0,
        "4": 0.9351099133491516
    },
    "pair_chains_iptm": {
        "0": {
            "0": 0.9874289631843567,
            "1": 0.7532289028167725,
            "2": 0.6833574175834656,
            "3": 0.0,
            "4": 0.894878625869751
        },
        "1": {
            "0": 0.7491856813430786,
            "1": 0.9791819453239441,
            "2": 0.9023431539535522,
            "3": 0.0,
            "4": 0.6843312382698059
        },
        "2": {
            "0": 0.836031973361969,
            "1": 0.9864619970321655,
            "2": 0.9757908582687378,
            "3": 0.0,
            "4": 0.7758538126945496
        },
        "3": {
            "0": 0.8473732471466064,
            "1": 0.9895660281181335,
            "2": 0.9575899839401245,
            "3": 0.0,
            "4": 0.8091931939125061
        },
        "4": {
            "0": 0.950739324092865,
            "1": 0.8865616917610168,
            "2": 0.8225181698799133,
            "3": 0.0,
            "4": 0.9351099133491516
        }
    }
}