{
    "confidence_score": 0.9236069917678833,
    "ptm": 0.8877758383750916,
    "iptm": 0.8311091065406799,
    "ligand_iptm": 0.9291760921478271,
    "protein_iptm": 0.7694940567016602,
    "complex_plddt": 0.9467313885688782,
    "complex_iplddt": 0.9190893173217773,
    "complex_pde": 0.44506093859672546,
    "complex_ipde": 0.8524585366249084,
    "chains_ptm": {
        "0": 0.9882916212081909,
        "1": 0.9808838963508606,
        "2": 0.9759807586669922,
        "3": 0.0,
        "4": 0.9420444965362549
    },
    "pair_chains_iptm": {
        "0": {
            "0": 0.9882916212081909,
            "1": 0.7694940567016602,
            "2": 0.7021059989929199,
            "3": 0.0,
            "4": 0.9043943285942078
        },
        "1": {
            "0": 0.7694007754325867,
            "1": 0.9808838963508606,
            "2": 0.905940592288971,
            "3": 0.0,
            "4": 0.7158018946647644
        },
        "2": {
            "0": 0.8533022999763489,
            "1": 0.9872776865959167,
            "2": 0.9759807586669922,
            "3": 0.0,
            "4": 0.8036866188049316
        },
        "3": {
            "0": 0.870355486869812,
            "1": 0.991681694984436,
            "2": 0.9615858197212219,
            "3": 0.0,
            "4": 0.8403476476669312
        },
        "4": {
            "0": 0.9565651416778564,
            "1": 0.9033689498901367,
            "2": 0.8377905488014221,
            "3": 0.0,
            "4": 0.9420444965362549
        }
    }
}