{
    "confidence_score": 0.9203200340270996,
    "ptm": 0.8868448138237,
    "iptm": 0.8320661187171936,
    "ligand_iptm": 0.9328557848930359,
    "protein_iptm": 0.7755321264266968,
    "complex_plddt": 0.9423835277557373,
    "complex_iplddt": 0.9083304405212402,
    "complex_pde": 0.4364824593067169,
    "complex_ipde": 0.816095232963562,
    "chains_ptm": {
        "0": 0.9876987338066101,
        "1": 0.9797673225402832,
        "2": 0.9755061864852905,
        "3": 0.0,
        "4": 0.9419734477996826
    },
    "pair_chains_iptm": {
        "0": {
            "0": 0.9876987338066101,
            "1": 0.7680414915084839,
            "2": 0.7020612955093384,
            "3": 0.0,
            "4": 0.8987377882003784
        },
        "1": {
            "0": 0.7755321264266968,
            "1": 0.9797673225402832,
            "2": 0.9029121994972229,
            "3": 0.0,
            "4": 0.7176386713981628
        },
        "2": {
            "0": 0.8557946085929871,
            "1": 0.9876030683517456,
            "2": 0.9755061864852905,
            "3": 0.0,
            "4": 0.8072404265403748
        },
        "3": {
            "0": 0.8707765936851501,
            "1": 0.9918564558029175,
            "2": 0.9588997960090637,
            "3": 0.0,
            "4": 0.8417194485664368
        },
        "4": {
            "0": 0.9572229385375977,
            "1": 0.9085102677345276,
            "2": 0.841135561466217,
            "3": 0.0,
            "4": 0.9419734477996826
        }
    }
}