{
    "confidence_score": 0.9113320708274841,
    "ptm": 0.8644598722457886,
    "iptm": 0.7944136261940002,
    "ligand_iptm": 0.91342693567276,
    "protein_iptm": 0.7262553572654724,
    "complex_plddt": 0.9405616521835327,
    "complex_iplddt": 0.9036877751350403,
    "complex_pde": 0.47120869159698486,
    "complex_ipde": 0.9396235346794128,
    "chains_ptm": {
        "0": 0.9877225756645203,
        "1": 0.9797821044921875,
        "2": 0.975805401802063,
        "3": 0.0,
        "4": 0.9318281412124634
    },
    "pair_chains_iptm": {
        "0": {
            "0": 0.9877225756645203,
            "1": 0.7183797955513,
            "2": 0.6591201424598694,
            "3": 0.0,
            "4": 0.8846359252929688
        },
        "1": {
            "0": 0.7262553572654724,
            "1": 0.9797821044921875,
            "2": 0.9080020785331726,
            "3": 0.0,
            "4": 0.6678326725959778
        },
        "2": {
            "0": 0.8097621202468872,
            "1": 0.9868098497390747,
            "2": 0.975805401802063,
            "3": 0.0,
            "4": 0.7609336376190186
        },
        "3": {
            "0": 0.8335840702056885,
            "1": 0.9911409020423889,
            "2": 0.9604916572570801,
            "3": 0.0,
            "4": 0.7951747179031372
        },
        "4": {
            "0": 0.9480572938919067,
            "1": 0.8804755210876465,
            "2": 0.8223428726196289,
            "3": 0.0,
            "4": 0.9318281412124634
        }
    }
}