{
    "confidence_score": 0.9565117955207825,
    "ptm": 0.9751753211021423,
    "iptm": 0.9479841589927673,
    "ligand_iptm": 0.9479841589927673,
    "protein_iptm": 0.0,
    "complex_plddt": 0.9586436748504639,
    "complex_iplddt": 0.9244053363800049,
    "complex_pde": 0.32950103282928467,
    "complex_ipde": 0.4335228204727173,
    "chains_ptm": {
        "0": 0.9873669147491455,
        "1": 0.9322469830513
    },
    "pair_chains_iptm": {
        "0": {
            "0": 0.9873669147491455,
            "1": 0.9113386273384094
        },
        "1": {
            "0": 0.9479841589927673,
            "1": 0.9322469830513
        }
    }
}