{
    "confidence_score": 0.953160285949707,
    "ptm": 0.9681981205940247,
    "iptm": 0.9309072494506836,
    "ligand_iptm": 0.9309072494506836,
    "protein_iptm": 0.0,
    "complex_plddt": 0.9587234854698181,
    "complex_iplddt": 0.9239710569381714,
    "complex_pde": 0.36103948950767517,
    "complex_ipde": 0.5078955292701721,
    "chains_ptm": {
        "0": 0.9858458042144775,
        "1": 0.9144542217254639
    },
    "pair_chains_iptm": {
        "0": {
            "0": 0.9858458042144775,
            "1": 0.8990286588668823
        },
        "1": {
            "0": 0.9309072494506836,
            "1": 0.9144542217254639
        }
    }
}