{
    "confidence_score": 0.955720067024231,
    "ptm": 0.9723702669143677,
    "iptm": 0.9409641623497009,
    "ligand_iptm": 0.9409641623497009,
    "protein_iptm": 0.0,
    "complex_plddt": 0.9594090580940247,
    "complex_iplddt": 0.9263482093811035,
    "complex_pde": 0.3397751748561859,
    "complex_ipde": 0.45527300238609314,
    "chains_ptm": {
        "0": 0.9867492318153381,
        "1": 0.9249408841133118
    },
    "pair_chains_iptm": {
        "0": {
            "0": 0.9867492318153381,
            "1": 0.9077423214912415
        },
        "1": {
            "0": 0.9409641623497009,
            "1": 0.9249408841133118
        }
    }
}