{
    "confidence_score": 0.9579430818557739,
    "ptm": 0.9689489006996155,
    "iptm": 0.933742344379425,
    "ligand_iptm": 0.933742344379425,
    "protein_iptm": 0.0,
    "complex_plddt": 0.9639931917190552,
    "complex_iplddt": 0.9372069835662842,
    "complex_pde": 0.35443243384361267,
    "complex_ipde": 0.49126219749450684,
    "chains_ptm": {
        "0": 0.9850674271583557,
        "1": 0.9174618721008301
    },
    "pair_chains_iptm": {
        "0": {
            "0": 0.9850674271583557,
            "1": 0.8970777988433838
        },
        "1": {
            "0": 0.933742344379425,
            "1": 0.9174618721008301
        }
    }
}