{
    "confidence_score": 0.9558520317077637,
    "ptm": 0.9720556735992432,
    "iptm": 0.9411908388137817,
    "ligand_iptm": 0.9411908388137817,
    "protein_iptm": 0.0,
    "complex_plddt": 0.9595173001289368,
    "complex_iplddt": 0.9263191223144531,
    "complex_pde": 0.3409518599510193,
    "complex_ipde": 0.45689839124679565,
    "chains_ptm": {
        "0": 0.9863855838775635,
        "1": 0.9250002503395081
    },
    "pair_chains_iptm": {
        "0": {
            "0": 0.9863855838775635,
            "1": 0.9055868983268738
        },
        "1": {
            "0": 0.9411908388137817,
            "1": 0.9250002503395081
        }
    }
}