{
    "confidence_score": 0.9620973467826843,
    "ptm": 0.9747394323348999,
    "iptm": 0.9478827714920044,
    "ligand_iptm": 0.9478827714920044,
    "protein_iptm": 0.0,
    "complex_plddt": 0.9656510353088379,
    "complex_iplddt": 0.9411668181419373,
    "complex_pde": 0.33131635189056396,
    "complex_ipde": 0.4417979419231415,
    "chains_ptm": {
        "0": 0.986829936504364,
        "1": 0.9333329200744629
    },
    "pair_chains_iptm": {
        "0": {
            "0": 0.986829936504364,
            "1": 0.9105146527290344
        },
        "1": {
            "0": 0.9478827714920044,
            "1": 0.9333329200744629
        }
    }
}