{
    "confidence_score": 0.9585044980049133,
    "ptm": 0.9741773009300232,
    "iptm": 0.9458175897598267,
    "ligand_iptm": 0.9458175897598267,
    "protein_iptm": 0.0,
    "complex_plddt": 0.9616761803627014,
    "complex_iplddt": 0.9316973090171814,
    "complex_pde": 0.33424633741378784,
    "complex_ipde": 0.437850683927536,
    "chains_ptm": {
        "0": 0.9869199991226196,
        "1": 0.9301131963729858
    },
    "pair_chains_iptm": {
        "0": {
            "0": 0.9869199991226196,
            "1": 0.9103618860244751
        },
        "1": {
            "0": 0.9458175897598267,
            "1": 0.9301131963729858
        }
    }
}