{
    "confidence_score": 0.9586061835289001,
    "ptm": 0.9723259210586548,
    "iptm": 0.9418084025382996,
    "ligand_iptm": 0.9418084025382996,
    "protein_iptm": 0.0,
    "complex_plddt": 0.9628055691719055,
    "complex_iplddt": 0.9348354935646057,
    "complex_pde": 0.3384043276309967,
    "complex_ipde": 0.4543982744216919,
    "chains_ptm": {
        "0": 0.986397922039032,
        "1": 0.9258800148963928
    },
    "pair_chains_iptm": {
        "0": {
            "0": 0.986397922039032,
            "1": 0.9051907062530518
        },
        "1": {
            "0": 0.9418084025382996,
            "1": 0.9258800148963928
        }
    }
}