{
    "confidence_score": 0.9553911089897156,
    "ptm": 0.9698084592819214,
    "iptm": 0.9340503811836243,
    "ligand_iptm": 0.9340503811836243,
    "protein_iptm": 0.0,
    "complex_plddt": 0.9607263207435608,
    "complex_iplddt": 0.9298482537269592,
    "complex_pde": 0.3505028188228607,
    "complex_ipde": 0.4809020459651947,
    "chains_ptm": {
        "0": 0.9860913157463074,
        "1": 0.9184330105781555
    },
    "pair_chains_iptm": {
        "0": {
            "0": 0.9860913157463074,
            "1": 0.9028315544128418
        },
        "1": {
            "0": 0.9340503811836243,
            "1": 0.9184330105781555
        }
    }
}