{
    "confidence_score": 0.9561113715171814,
    "ptm": 0.9745391011238098,
    "iptm": 0.9459009170532227,
    "ligand_iptm": 0.9459009170532227,
    "protein_iptm": 0.0,
    "complex_plddt": 0.9586638808250427,
    "complex_iplddt": 0.9244948625564575,
    "complex_pde": 0.33213773369789124,
    "complex_ipde": 0.4419638216495514,
    "chains_ptm": {
        "0": 0.9873899221420288,
        "1": 0.9306450486183167
    },
    "pair_chains_iptm": {
        "0": {
            "0": 0.9873899221420288,
            "1": 0.9129036664962769
        },
        "1": {
            "0": 0.9459009170532227,
            "1": 0.9306450486183167
        }
    }
}