{
    "confidence_score": 0.9547559022903442,
    "ptm": 0.9723856449127197,
    "iptm": 0.9408538937568665,
    "ligand_iptm": 0.9408538937568665,
    "protein_iptm": 0.0,
    "complex_plddt": 0.9582313895225525,
    "complex_iplddt": 0.9227501749992371,
    "complex_pde": 0.34144023060798645,
    "complex_ipde": 0.4644879102706909,
    "chains_ptm": {
        "0": 0.9868408441543579,
        "1": 0.9256325364112854
    },
    "pair_chains_iptm": {
        "0": {
            "0": 0.9868408441543579,
            "1": 0.908559262752533
        },
        "1": {
            "0": 0.9408538937568665,
            "1": 0.9256325364112854
        }
    }
}