{
    "confidence_score": 0.9464883804321289,
    "ptm": 0.9701216816902161,
    "iptm": 0.9358821511268616,
    "ligand_iptm": 0.9358821511268616,
    "protein_iptm": 0.0,
    "complex_plddt": 0.9491399526596069,
    "complex_iplddt": 0.9028047323226929,
    "complex_pde": 0.35092535614967346,
    "complex_ipde": 0.48002955317497253,
    "chains_ptm": {
        "0": 0.9857625365257263,
        "1": 0.9198704361915588
    },
    "pair_chains_iptm": {
        "0": {
            "0": 0.9857625365257263,
            "1": 0.9003081917762756
        },
        "1": {
            "0": 0.9358821511268616,
            "1": 0.9198704361915588
        }
    }
}