{
    "confidence_score": 0.9574289321899414,
    "ptm": 0.9700745940208435,
    "iptm": 0.9373077154159546,
    "ligand_iptm": 0.9373077154159546,
    "protein_iptm": 0.0,
    "complex_plddt": 0.9624592661857605,
    "complex_iplddt": 0.9329186677932739,
    "complex_pde": 0.348848819732666,
    "complex_ipde": 0.4878057539463043,
    "chains_ptm": {
        "0": 0.9847749471664429,
        "1": 0.9228970408439636
    },
    "pair_chains_iptm": {
        "0": {
            "0": 0.9847749471664429,
            "1": 0.8973304033279419
        },
        "1": {
            "0": 0.9373077154159546,
            "1": 0.9228970408439636
        }
    }
}