{
    "confidence_score": 0.958583652973175,
    "ptm": 0.9722903966903687,
    "iptm": 0.9428517818450928,
    "ligand_iptm": 0.9428517818450928,
    "protein_iptm": 0.0,
    "complex_plddt": 0.9625166654586792,
    "complex_iplddt": 0.9332243800163269,
    "complex_pde": 0.34029704332351685,
    "complex_ipde": 0.4547246992588043,
    "chains_ptm": {
        "0": 0.985783040523529,
        "1": 0.9276949763298035
    },
    "pair_chains_iptm": {
        "0": {
            "0": 0.985783040523529,
            "1": 0.9046222567558289
        },
        "1": {
            "0": 0.9428517818450928,
            "1": 0.9276949763298035
        }
    }
}