{
    "confidence_score": 0.9458304643630981,
    "ptm": 0.969778835773468,
    "iptm": 0.9360142350196838,
    "ligand_iptm": 0.9360142350196838,
    "protein_iptm": 0.0,
    "complex_plddt": 0.9482844471931458,
    "complex_iplddt": 0.901940107345581,
    "complex_pde": 0.3513891398906708,
    "complex_ipde": 0.48240926861763,
    "chains_ptm": {
        "0": 0.9852730631828308,
        "1": 0.9206096529960632
    },
    "pair_chains_iptm": {
        "0": {
            "0": 0.9852730631828308,
            "1": 0.8998333215713501
        },
        "1": {
            "0": 0.9360142350196838,
            "1": 0.9206096529960632
        }
    }
}