{
    "confidence_score": 0.9639965891838074,
    "ptm": 0.9754629135131836,
    "iptm": 0.9485731720924377,
    "ligand_iptm": 0.9485731720924377,
    "protein_iptm": 0.0,
    "complex_plddt": 0.9678524732589722,
    "complex_iplddt": 0.947344183921814,
    "complex_pde": 0.33060094714164734,
    "complex_ipde": 0.43574169278144836,
    "chains_ptm": {
        "0": 0.9872877597808838,
        "1": 0.9342509508132935
    },
    "pair_chains_iptm": {
        "0": {
            "0": 0.9872877597808838,
            "1": 0.9099658727645874
        },
        "1": {
            "0": 0.9485731720924377,
            "1": 0.9342509508132935
        }
    }
}