{
    "confidence_score": 0.9513105750083923,
    "ptm": 0.9686527848243713,
    "iptm": 0.9349559545516968,
    "ligand_iptm": 0.9349559545516968,
    "protein_iptm": 0.0,
    "complex_plddt": 0.9553991556167603,
    "complex_iplddt": 0.9164254069328308,
    "complex_pde": 0.3525751829147339,
    "complex_ipde": 0.4914875328540802,
    "chains_ptm": {
        "0": 0.9842724204063416,
        "1": 0.9190369844436646
    },
    "pair_chains_iptm": {
        "0": {
            "0": 0.9842724204063416,
            "1": 0.8928141593933105
        },
        "1": {
            "0": 0.9349559545516968,
            "1": 0.9190369844436646
        }
    }
}