{
    "confidence_score": 0.9564072489738464,
    "ptm": 0.9706225991249084,
    "iptm": 0.9360741376876831,
    "ligand_iptm": 0.9360741376876831,
    "protein_iptm": 0.0,
    "complex_plddt": 0.9614905118942261,
    "complex_iplddt": 0.9317654967308044,
    "complex_pde": 0.3481316864490509,
    "complex_ipde": 0.4676564931869507,
    "chains_ptm": {
        "0": 0.9864195585250854,
        "1": 0.9192633628845215
    },
    "pair_chains_iptm": {
        "0": {
            "0": 0.9864195585250854,
            "1": 0.9045450687408447
        },
        "1": {
            "0": 0.9360741376876831,
            "1": 0.9192633628845215
        }
    }
}