{
    "confidence_score": 0.9538008570671082,
    "ptm": 0.9702249765396118,
    "iptm": 0.935944676399231,
    "ligand_iptm": 0.935944676399231,
    "protein_iptm": 0.0,
    "complex_plddt": 0.9582648873329163,
    "complex_iplddt": 0.9232186079025269,
    "complex_pde": 0.34864428639411926,
    "complex_ipde": 0.47617968916893005,
    "chains_ptm": {
        "0": 0.985945999622345,
        "1": 0.9199901223182678
    },
    "pair_chains_iptm": {
        "0": {
            "0": 0.985945999622345,
            "1": 0.9045447707176208
        },
        "1": {
            "0": 0.935944676399231,
            "1": 0.9199901223182678
        }
    }
}