{
    "confidence_score": 0.9580011367797852,
    "ptm": 0.9733715057373047,
    "iptm": 0.9439799785614014,
    "ligand_iptm": 0.9439799785614014,
    "protein_iptm": 0.0,
    "complex_plddt": 0.9615063667297363,
    "complex_iplddt": 0.9325478076934814,
    "complex_pde": 0.3377857804298401,
    "complex_ipde": 0.45413482189178467,
    "chains_ptm": {
        "0": 0.9864094853401184,
        "1": 0.9284434914588928
    },
    "pair_chains_iptm": {
        "0": {
            "0": 0.9864094853401184,
            "1": 0.9039900302886963
        },
        "1": {
            "0": 0.9439799785614014,
            "1": 0.9284434914588928
        }
    }
}