{
    "confidence_score": 0.9575212597846985,
    "ptm": 0.9675239324569702,
    "iptm": 0.9300851821899414,
    "ligand_iptm": 0.9300851821899414,
    "protein_iptm": 0.0,
    "complex_plddt": 0.9643802642822266,
    "complex_iplddt": 0.9381639957427979,
    "complex_pde": 0.36296534538269043,
    "complex_ipde": 0.51810622215271,
    "chains_ptm": {
        "0": 0.9844492077827454,
        "1": 0.9157900214195251
    },
    "pair_chains_iptm": {
        "0": {
            "0": 0.9844492077827454,
            "1": 0.8937764167785645
        },
        "1": {
            "0": 0.9300851821899414,
            "1": 0.9157900214195251
        }
    }
}