{
    "confidence_score": 0.957288384437561,
    "ptm": 0.9754753708839417,
    "iptm": 0.9463460445404053,
    "ligand_iptm": 0.9463460445404053,
    "protein_iptm": 0.0,
    "complex_plddt": 0.9600238800048828,
    "complex_iplddt": 0.9289500713348389,
    "complex_pde": 0.33235684037208557,
    "complex_ipde": 0.43797093629837036,
    "chains_ptm": {
        "0": 0.9883798956871033,
        "1": 0.9301345348358154
    },
    "pair_chains_iptm": {
        "0": {
            "0": 0.9883798956871033,
            "1": 0.9132795929908752
        },
        "1": {
            "0": 0.9463460445404053,
            "1": 0.9301345348358154
        }
    }
}