{
    "confidence_score": 0.9574075937271118,
    "ptm": 0.9725611209869385,
    "iptm": 0.9422980546951294,
    "ligand_iptm": 0.9422980546951294,
    "protein_iptm": 0.0,
    "complex_plddt": 0.9611849784851074,
    "complex_iplddt": 0.9301586747169495,
    "complex_pde": 0.33793994784355164,
    "complex_ipde": 0.45452770590782166,
    "chains_ptm": {
        "0": 0.9863633513450623,
        "1": 0.927670955657959
    },
    "pair_chains_iptm": {
        "0": {
            "0": 0.9863633513450623,
            "1": 0.9076980352401733
        },
        "1": {
            "0": 0.9422980546951294,
            "1": 0.927670955657959
        }
    }
}