{
    "confidence_score": 0.9596352577209473,
    "ptm": 0.9743479490280151,
    "iptm": 0.944360077381134,
    "ligand_iptm": 0.944360077381134,
    "protein_iptm": 0.0,
    "complex_plddt": 0.9634540677070618,
    "complex_iplddt": 0.9357057213783264,
    "complex_pde": 0.3354853689670563,
    "complex_ipde": 0.4485962390899658,
    "chains_ptm": {
        "0": 0.987905740737915,
        "1": 0.9294097423553467
    },
    "pair_chains_iptm": {
        "0": {
            "0": 0.987905740737915,
            "1": 0.9117258787155151
        },
        "1": {
            "0": 0.944360077381134,
            "1": 0.9294097423553467
        }
    }
}