{
    "confidence_score": 0.95691978931427,
    "ptm": 0.9722927808761597,
    "iptm": 0.9408382177352905,
    "ligand_iptm": 0.9408382177352905,
    "protein_iptm": 0.0,
    "complex_plddt": 0.9609401822090149,
    "complex_iplddt": 0.9294142723083496,
    "complex_pde": 0.3382192552089691,
    "complex_ipde": 0.4558360278606415,
    "chains_ptm": {
        "0": 0.9867205619812012,
        "1": 0.9257925152778625
    },
    "pair_chains_iptm": {
        "0": {
            "0": 0.9867205619812012,
            "1": 0.9083322882652283
        },
        "1": {
            "0": 0.9408382177352905,
            "1": 0.9257925152778625
        }
    }
}