{
    "confidence_score": 0.912470281124115,
    "ptm": 0.867293655872345,
    "iptm": 0.7970794439315796,
    "ligand_iptm": 0.9138287901878357,
    "protein_iptm": 0.7305462956428528,
    "complex_plddt": 0.9413179755210876,
    "complex_iplddt": 0.9069580435752869,
    "complex_pde": 0.4725079834461212,
    "complex_ipde": 0.9373032450675964,
    "chains_ptm": {
        "0": 0.9872706532478333,
        "1": 0.9779465198516846,
        "2": 0.9724995493888855,
        "3": 0.0,
        "4": 0.9322339296340942
    },
    "pair_chains_iptm": {
        "0": {
            "0": 0.9872706532478333,
            "1": 0.7238291501998901,
            "2": 0.6582704186439514,
            "3": 0.0,
            "4": 0.8931847214698792
        },
        "1": {
            "0": 0.7305462956428528,
            "1": 0.9779465198516846,
            "2": 0.8955987691879272,
            "3": 0.0,
            "4": 0.672619104385376
        },
        "2": {
            "0": 0.8281919360160828,
            "1": 0.9857497811317444,
            "2": 0.9724995493888855,
            "3": 0.0,
            "4": 0.773305356502533
        },
        "3": {
            "0": 0.8417422771453857,
            "1": 0.9904850721359253,
            "2": 0.9530718326568604,
            "3": 0.0,
            "4": 0.8110256195068359
        },
        "4": {
            "0": 0.9486259818077087,
            "1": 0.8817481398582458,
            "2": 0.8122185468673706,
            "3": 0.0,
            "4": 0.9322339296340942
        }
    }
}