{
    "confidence_score": 0.9134260416030884,
    "ptm": 0.8732447624206543,
    "iptm": 0.8071939945220947,
    "ligand_iptm": 0.9185945987701416,
    "protein_iptm": 0.7401862740516663,
    "complex_plddt": 0.9399840831756592,
    "complex_iplddt": 0.9041890501976013,
    "complex_pde": 0.4706783890724182,
    "complex_ipde": 0.9283062219619751,
    "chains_ptm": {
        "0": 0.9869685173034668,
        "1": 0.9785115718841553,
        "2": 0.9748736619949341,
        "3": 0.0,
        "4": 0.9338635802268982
    },
    "pair_chains_iptm": {
        "0": {
            "0": 0.9869685173034668,
            "1": 0.7386890053749084,
            "2": 0.6767410039901733,
            "3": 0.0,
            "4": 0.8863463997840881
        },
        "1": {
            "0": 0.7401862740516663,
            "1": 0.9785115718841553,
            "2": 0.9071357250213623,
            "3": 0.0,
            "4": 0.6874274611473083
        },
        "2": {
            "0": 0.834708034992218,
            "1": 0.9866434931755066,
            "2": 0.9748736619949341,
            "3": 0.0,
            "4": 0.7839323878288269
        },
        "3": {
            "0": 0.8495399355888367,
            "1": 0.9912983775138855,
            "2": 0.958400309085846,
            "3": 0.0,
            "4": 0.8217007517814636
        },
        "4": {
            "0": 0.9498475790023804,
            "1": 0.8883779048919678,
            "2": 0.8255939483642578,
            "3": 0.0,
            "4": 0.9338635802268982
        }
    }
}