{
    "confidence_score": 0.9280561804771423,
    "ptm": 0.9001706838607788,
    "iptm": 0.8529543280601501,
    "ligand_iptm": 0.9361366033554077,
    "protein_iptm": 0.8006394505500793,
    "complex_plddt": 0.9468316435813904,
    "complex_iplddt": 0.9197736978530884,
    "complex_pde": 0.4478439688682556,
    "complex_ipde": 0.837748646736145,
    "chains_ptm": {
        "0": 0.9868137240409851,
        "1": 0.9779843688011169,
        "2": 0.9743995070457458,
        "3": 0.0,
        "4": 0.9389423727989197
    },
    "pair_chains_iptm": {
        "0": {
            "0": 0.9868137240409851,
            "1": 0.8006394505500793,
            "2": 0.7140941619873047,
            "3": 0.0,
            "4": 0.8926354050636292
        },
        "1": {
            "0": 0.7973001599311829,
            "1": 0.9779843688011169,
            "2": 0.8777916431427002,
            "3": 0.0,
            "4": 0.7316479682922363
        },
        "2": {
            "0": 0.8710466027259827,
            "1": 0.9866689443588257,
            "2": 0.9743995070457458,
            "3": 0.0,
            "4": 0.8150582313537598
        },
        "3": {
            "0": 0.8881806135177612,
            "1": 0.9912455677986145,
            "2": 0.9574239253997803,
            "3": 0.0,
            "4": 0.8543610572814941
        },
        "4": {
            "0": 0.9542363882064819,
            "1": 0.9135785102844238,
            "2": 0.836240828037262,
            "3": 0.0,
            "4": 0.9389423727989197
        }
    }
}