{
    "confidence_score": 0.9176382422447205,
    "ptm": 0.8670803904533386,
    "iptm": 0.8001956939697266,
    "ligand_iptm": 0.9157912731170654,
    "protein_iptm": 0.7277820110321045,
    "complex_plddt": 0.9469987750053406,
    "complex_iplddt": 0.9206058382987976,
    "complex_pde": 0.4843043088912964,
    "complex_ipde": 0.9768808484077454,
    "chains_ptm": {
        "0": 0.9874423146247864,
        "1": 0.9774882197380066,
        "2": 0.9726740717887878,
        "3": 0.0,
        "4": 0.933178722858429
    },
    "pair_chains_iptm": {
        "0": {
            "0": 0.9874423146247864,
            "1": 0.7263814806938171,
            "2": 0.6618025898933411,
            "3": 0.0,
            "4": 0.8972433805465698
        },
        "1": {
            "0": 0.7277820110321045,
            "1": 0.9774882197380066,
            "2": 0.9001650214195251,
            "3": 0.0,
            "4": 0.6750512719154358
        },
        "2": {
            "0": 0.8226255178451538,
            "1": 0.9864012598991394,
            "2": 0.9726740717887878,
            "3": 0.0,
            "4": 0.7695193886756897
        },
        "3": {
            "0": 0.8378355503082275,
            "1": 0.9897127151489258,
            "2": 0.9520114064216614,
            "3": 0.0,
            "4": 0.804020345211029
        },
        "4": {
            "0": 0.9483945965766907,
            "1": 0.884396493434906,
            "2": 0.8170639872550964,
            "3": 0.0,
            "4": 0.933178722858429
        }
    }
}