{
    "confidence_score": 0.9101829528808594,
    "ptm": 0.8639389276504517,
    "iptm": 0.7945511937141418,
    "ligand_iptm": 0.9135761857032776,
    "protein_iptm": 0.7257055044174194,
    "complex_plddt": 0.9390908479690552,
    "complex_iplddt": 0.9026910662651062,
    "complex_pde": 0.4742925763130188,
    "complex_ipde": 0.9385778307914734,
    "chains_ptm": {
        "0": 0.9876607656478882,
        "1": 0.9778680801391602,
        "2": 0.974176824092865,
        "3": 0.0,
        "4": 0.9323678016662598
    },
    "pair_chains_iptm": {
        "0": {
            "0": 0.9876607656478882,
            "1": 0.7207385301589966,
            "2": 0.6670671105384827,
            "3": 0.0,
            "4": 0.8979253172874451
        },
        "1": {
            "0": 0.7257055044174194,
            "1": 0.9778680801391602,
            "2": 0.905329704284668,
            "3": 0.0,
            "4": 0.6747942566871643
        },
        "2": {
            "0": 0.8234083652496338,
            "1": 0.9864354729652405,
            "2": 0.974176824092865,
            "3": 0.0,
            "4": 0.7750362753868103
        },
        "3": {
            "0": 0.8316545486450195,
            "1": 0.9903361201286316,
            "2": 0.9547743797302246,
            "3": 0.0,
            "4": 0.8045400977134705
        },
        "4": {
            "0": 0.9479751586914062,
            "1": 0.880947470664978,
            "2": 0.8226884007453918,
            "3": 0.0,
            "4": 0.9323678016662598
        }
    }
}