{
    "confidence_score": 0.9522036910057068,
    "ptm": 0.9721305966377258,
    "iptm": 0.9402981400489807,
    "ligand_iptm": 0.9402981400489807,
    "protein_iptm": 0.0,
    "complex_plddt": 0.9551800489425659,
    "complex_iplddt": 0.9171819686889648,
    "complex_pde": 0.34401512145996094,
    "complex_ipde": 0.4560813903808594,
    "chains_ptm": {
        "0": 0.9863611459732056,
        "1": 0.9229984283447266
    },
    "pair_chains_iptm": {
        "0": {
            "0": 0.9863611459732056,
            "1": 0.8958661556243896
        },
        "1": {
            "0": 0.9402981400489807,
            "1": 0.9229984283447266
        }
    }
}