{
    "confidence_score": 0.9558168649673462,
    "ptm": 0.9723725914955139,
    "iptm": 0.9429782032966614,
    "ligand_iptm": 0.9429782032966614,
    "protein_iptm": 0.0,
    "complex_plddt": 0.9590264558792114,
    "complex_iplddt": 0.9266812801361084,
    "complex_pde": 0.34043145179748535,
    "complex_ipde": 0.4542125165462494,
    "chains_ptm": {
        "0": 0.98557448387146,
        "1": 0.9233599305152893
    },
    "pair_chains_iptm": {
        "0": {
            "0": 0.98557448387146,
            "1": 0.8913880586624146
        },
        "1": {
            "0": 0.9429782032966614,
            "1": 0.9233599305152893
        }
    }
}