{
    "confidence_score": 0.9570409655570984,
    "ptm": 0.9728422164916992,
    "iptm": 0.9423143863677979,
    "ligand_iptm": 0.9423143863677979,
    "protein_iptm": 0.0,
    "complex_plddt": 0.9607226252555847,
    "complex_iplddt": 0.9288396239280701,
    "complex_pde": 0.3391321897506714,
    "complex_ipde": 0.45641130208969116,
    "chains_ptm": {
        "0": 0.9864991903305054,
        "1": 0.9252938032150269
    },
    "pair_chains_iptm": {
        "0": {
            "0": 0.9864991903305054,
            "1": 0.9006966352462769
        },
        "1": {
            "0": 0.9423143863677979,
            "1": 0.9252938032150269
        }
    }
}