{
    "confidence_score": 0.9551119208335876,
    "ptm": 0.9735049605369568,
    "iptm": 0.9433118104934692,
    "ligand_iptm": 0.9433118104934692,
    "protein_iptm": 0.0,
    "complex_plddt": 0.958061933517456,
    "complex_iplddt": 0.9227375388145447,
    "complex_pde": 0.33836716413497925,
    "complex_ipde": 0.4513922929763794,
    "chains_ptm": {
        "0": 0.9870863556861877,
        "1": 0.9265338778495789
    },
    "pair_chains_iptm": {
        "0": {
            "0": 0.9870863556861877,
            "1": 0.9029644727706909
        },
        "1": {
            "0": 0.9433118104934692,
            "1": 0.9265338778495789
        }
    }
}