{
    "confidence_score": 0.9598247408866882,
    "ptm": 0.9730212688446045,
    "iptm": 0.9433689713478088,
    "ligand_iptm": 0.9433689713478088,
    "protein_iptm": 0.0,
    "complex_plddt": 0.9639387130737305,
    "complex_iplddt": 0.9370070099830627,
    "complex_pde": 0.3368431329727173,
    "complex_ipde": 0.4468149244785309,
    "chains_ptm": {
        "0": 0.9862800240516663,
        "1": 0.9258499145507812
    },
    "pair_chains_iptm": {
        "0": {
            "0": 0.9862800240516663,
            "1": 0.8986236453056335
        },
        "1": {
            "0": 0.9433689713478088,
            "1": 0.9258499145507812
        }
    }
}