{
    "confidence_score": 0.9579505920410156,
    "ptm": 0.9720155596733093,
    "iptm": 0.940410852432251,
    "ligand_iptm": 0.940410852432251,
    "protein_iptm": 0.0,
    "complex_plddt": 0.9623355269432068,
    "complex_iplddt": 0.9334712624549866,
    "complex_pde": 0.3429645895957947,
    "complex_ipde": 0.458736777305603,
    "chains_ptm": {
        "0": 0.9861617684364319,
        "1": 0.9219608306884766
    },
    "pair_chains_iptm": {
        "0": {
            "0": 0.9861617684364319,
            "1": 0.8981819748878479
        },
        "1": {
            "0": 0.940410852432251,
            "1": 0.9219608306884766
        }
    }
}