{
    "confidence_score": 0.9557998776435852,
    "ptm": 0.9746919274330139,
    "iptm": 0.944388210773468,
    "ligand_iptm": 0.944388210773468,
    "protein_iptm": 0.0,
    "complex_plddt": 0.9586527943611145,
    "complex_iplddt": 0.9250212907791138,
    "complex_pde": 0.3350493311882019,
    "complex_ipde": 0.444100022315979,
    "chains_ptm": {
        "0": 0.9881798624992371,
        "1": 0.9266968965530396
    },
    "pair_chains_iptm": {
        "0": {
            "0": 0.9881798624992371,
            "1": 0.9069400429725647
        },
        "1": {
            "0": 0.944388210773468,
            "1": 0.9266968965530396
        }
    }
}