{
    "confidence_score": 0.95091313123703,
    "ptm": 0.964780867099762,
    "iptm": 0.9194442629814148,
    "ligand_iptm": 0.9194442629814148,
    "protein_iptm": 0.0,
    "complex_plddt": 0.9587803483009338,
    "complex_iplddt": 0.9255584478378296,
    "complex_pde": 0.38202592730522156,
    "complex_ipde": 0.5611613392829895,
    "chains_ptm": {
        "0": 0.9856363534927368,
        "1": 0.9025004506111145
    },
    "pair_chains_iptm": {
        "0": {
            "0": 0.9856363534927368,
            "1": 0.8889448046684265
        },
        "1": {
            "0": 0.9194442629814148,
            "1": 0.9025004506111145
        }
    }
}