{
    "confidence_score": 0.954887330532074,
    "ptm": 0.9703640341758728,
    "iptm": 0.9343988299369812,
    "ligand_iptm": 0.9343988299369812,
    "protein_iptm": 0.0,
    "complex_plddt": 0.9600094556808472,
    "complex_iplddt": 0.9276238679885864,
    "complex_pde": 0.3555341362953186,
    "complex_ipde": 0.49071136116981506,
    "chains_ptm": {
        "0": 0.9867406487464905,
        "1": 0.9173581004142761
    },
    "pair_chains_iptm": {
        "0": {
            "0": 0.9867406487464905,
            "1": 0.8995949029922485
        },
        "1": {
            "0": 0.9343988299369812,
            "1": 0.9173581004142761
        }
    }
}