{
    "confidence_score": 0.9555814862251282,
    "ptm": 0.9723905920982361,
    "iptm": 0.9405725598335266,
    "ligand_iptm": 0.9405725598335266,
    "protein_iptm": 0.0,
    "complex_plddt": 0.9593337178230286,
    "complex_iplddt": 0.9266703128814697,
    "complex_pde": 0.3432474434375763,
    "complex_ipde": 0.4623340368270874,
    "chains_ptm": {
        "0": 0.9867823719978333,
        "1": 0.9226352572441101
    },
    "pair_chains_iptm": {
        "0": {
            "0": 0.9867823719978333,
            "1": 0.8994361162185669
        },
        "1": {
            "0": 0.9405725598335266,
            "1": 0.9226352572441101
        }
    }
}