{
    "confidence_score": 0.9546734690666199,
    "ptm": 0.9693411588668823,
    "iptm": 0.9331207275390625,
    "ligand_iptm": 0.9331207275390625,
    "protein_iptm": 0.0,
    "complex_plddt": 0.9600616693496704,
    "complex_iplddt": 0.9272600412368774,
    "complex_pde": 0.35593652725219727,
    "complex_ipde": 0.4878867268562317,
    "chains_ptm": {
        "0": 0.9858390092849731,
        "1": 0.9147043228149414
    },
    "pair_chains_iptm": {
        "0": {
            "0": 0.9858390092849731,
            "1": 0.8933122754096985
        },
        "1": {
            "0": 0.9331207275390625,
            "1": 0.9147043228149414
        }
    }
}