{
    "confidence_score": 0.9582058787345886,
    "ptm": 0.9727945923805237,
    "iptm": 0.9391342401504517,
    "ligand_iptm": 0.9391342401504517,
    "protein_iptm": 0.0,
    "complex_plddt": 0.9629737734794617,
    "complex_iplddt": 0.9349958300590515,
    "complex_pde": 0.34588623046875,
    "complex_ipde": 0.46689966320991516,
    "chains_ptm": {
        "0": 0.9879575967788696,
        "1": 0.9227749705314636
    },
    "pair_chains_iptm": {
        "0": {
            "0": 0.9879575967788696,
            "1": 0.906254231929779
        },
        "1": {
            "0": 0.9391342401504517,
            "1": 0.9227749705314636
        }
    }
}