{
    "confidence_score": 0.9561206698417664,
    "ptm": 0.9729960560798645,
    "iptm": 0.9425920248031616,
    "ligand_iptm": 0.9425920248031616,
    "protein_iptm": 0.0,
    "complex_plddt": 0.9595028162002563,
    "complex_iplddt": 0.9264274835586548,
    "complex_pde": 0.339763343334198,
    "complex_ipde": 0.4554191827774048,
    "chains_ptm": {
        "0": 0.986882209777832,
        "1": 0.9252979159355164
    },
    "pair_chains_iptm": {
        "0": {
            "0": 0.986882209777832,
            "1": 0.90299391746521
        },
        "1": {
            "0": 0.9425920248031616,
            "1": 0.9252979159355164
        }
    }
}