{
    "confidence_score": 0.9563080072402954,
    "ptm": 0.9730131030082703,
    "iptm": 0.941970705986023,
    "ligand_iptm": 0.941970705986023,
    "protein_iptm": 0.0,
    "complex_plddt": 0.9598923325538635,
    "complex_iplddt": 0.92683345079422,
    "complex_pde": 0.3409140706062317,
    "complex_ipde": 0.4557400643825531,
    "chains_ptm": {
        "0": 0.9871076941490173,
        "1": 0.9250338673591614
    },
    "pair_chains_iptm": {
        "0": {
            "0": 0.9871076941490173,
            "1": 0.9044857621192932
        },
        "1": {
            "0": 0.941970705986023,
            "1": 0.9250338673591614
        }
    }
}