{
    "confidence_score": 0.9445628523826599,
    "ptm": 0.9709891080856323,
    "iptm": 0.936404824256897,
    "ligand_iptm": 0.936404824256897,
    "protein_iptm": 0.0,
    "complex_plddt": 0.9466023445129395,
    "complex_iplddt": 0.897864818572998,
    "complex_pde": 0.35204312205314636,
    "complex_ipde": 0.47780391573905945,
    "chains_ptm": {
        "0": 0.9865710735321045,
        "1": 0.9173782467842102
    },
    "pair_chains_iptm": {
        "0": {
            "0": 0.9865710735321045,
            "1": 0.8948506712913513
        },
        "1": {
            "0": 0.936404824256897,
            "1": 0.9173782467842102
        }
    }
}