{
    "confidence_score": 0.9558392763137817,
    "ptm": 0.9689087867736816,
    "iptm": 0.93363356590271,
    "ligand_iptm": 0.93363356590271,
    "protein_iptm": 0.0,
    "complex_plddt": 0.9613906741142273,
    "complex_iplddt": 0.9301561713218689,
    "complex_pde": 0.35624662041664124,
    "complex_ipde": 0.4950454533100128,
    "chains_ptm": {
        "0": 0.9849364757537842,
        "1": 0.9150874614715576
    },
    "pair_chains_iptm": {
        "0": {
            "0": 0.9849364757537842,
            "1": 0.8889865279197693
        },
        "1": {
            "0": 0.93363356590271,
            "1": 0.9150874614715576
        }
    }
}