{
    "confidence_score": 0.9554020166397095,
    "ptm": 0.9726346135139465,
    "iptm": 0.9419248700141907,
    "ligand_iptm": 0.9419248700141907,
    "protein_iptm": 0.0,
    "complex_plddt": 0.958771288394928,
    "complex_iplddt": 0.924051821231842,
    "complex_pde": 0.33999407291412354,
    "complex_ipde": 0.4585649073123932,
    "chains_ptm": {
        "0": 0.9866132736206055,
        "1": 0.92415452003479
    },
    "pair_chains_iptm": {
        "0": {
            "0": 0.9866132736206055,
            "1": 0.8991519212722778
        },
        "1": {
            "0": 0.9419248700141907,
            "1": 0.92415452003479
        }
    }
}