{
    "confidence_score": 0.9531790018081665,
    "ptm": 0.9699448347091675,
    "iptm": 0.9357883930206299,
    "ligand_iptm": 0.9357883930206299,
    "protein_iptm": 0.0,
    "complex_plddt": 0.957526683807373,
    "complex_iplddt": 0.9225519299507141,
    "complex_pde": 0.3511311411857605,
    "complex_ipde": 0.4776497781276703,
    "chains_ptm": {
        "0": 0.9855395555496216,
        "1": 0.9163153767585754
    },
    "pair_chains_iptm": {
        "0": {
            "0": 0.9855395555496216,
            "1": 0.8917369842529297
        },
        "1": {
            "0": 0.9357883930206299,
            "1": 0.9163153767585754
        }
    }
}