{
    "confidence_score": 0.9556270837783813,
    "ptm": 0.971518337726593,
    "iptm": 0.939942479133606,
    "ligand_iptm": 0.939942479133606,
    "protein_iptm": 0.0,
    "complex_plddt": 0.9595481753349304,
    "complex_iplddt": 0.9259641170501709,
    "complex_pde": 0.3420943021774292,
    "complex_ipde": 0.4614422917366028,
    "chains_ptm": {
        "0": 0.9859324097633362,
        "1": 0.9222555160522461
    },
    "pair_chains_iptm": {
        "0": {
            "0": 0.9859324097633362,
            "1": 0.8977345824241638
        },
        "1": {
            "0": 0.939942479133606,
            "1": 0.9222555160522461
        }
    }
}