{
    "confidence_score": 0.9549216628074646,
    "ptm": 0.9710781574249268,
    "iptm": 0.9390701055526733,
    "ligand_iptm": 0.9390701055526733,
    "protein_iptm": 0.0,
    "complex_plddt": 0.9588845372200012,
    "complex_iplddt": 0.9241739511489868,
    "complex_pde": 0.3451153337955475,
    "complex_ipde": 0.4726346433162689,
    "chains_ptm": {
        "0": 0.9856621623039246,
        "1": 0.9222630858421326
    },
    "pair_chains_iptm": {
        "0": {
            "0": 0.9856621623039246,
            "1": 0.8975314497947693
        },
        "1": {
            "0": 0.9390701055526733,
            "1": 0.9222630858421326
        }
    }
}