{
    "confidence_score": 0.9539844393730164,
    "ptm": 0.9701752066612244,
    "iptm": 0.9345443248748779,
    "ligand_iptm": 0.9345443248748779,
    "protein_iptm": 0.0,
    "complex_plddt": 0.9588444232940674,
    "complex_iplddt": 0.925100564956665,
    "complex_pde": 0.35328882932662964,
    "complex_ipde": 0.48282667994499207,
    "chains_ptm": {
        "0": 0.9865673184394836,
        "1": 0.916138768196106
    },
    "pair_chains_iptm": {
        "0": {
            "0": 0.9865673184394836,
            "1": 0.8987782597541809
        },
        "1": {
            "0": 0.9345443248748779,
            "1": 0.916138768196106
        }
    }
}