{
    "confidence_score": 0.9562487602233887,
    "ptm": 0.9720291495323181,
    "iptm": 0.9418038129806519,
    "ligand_iptm": 0.9418038129806519,
    "protein_iptm": 0.0,
    "complex_plddt": 0.9598600268363953,
    "complex_iplddt": 0.9275098443031311,
    "complex_pde": 0.3378927409648895,
    "complex_ipde": 0.4534400999546051,
    "chains_ptm": {
        "0": 0.985518753528595,
        "1": 0.9247664213180542
    },
    "pair_chains_iptm": {
        "0": {
            "0": 0.985518753528595,
            "1": 0.898176908493042
        },
        "1": {
            "0": 0.9418038129806519,
            "1": 0.9247664213180542
        }
    }
}