{
    "confidence_score": 0.9607389569282532,
    "ptm": 0.9754254221916199,
    "iptm": 0.9480999708175659,
    "ligand_iptm": 0.9480999708175659,
    "protein_iptm": 0.0,
    "complex_plddt": 0.9638986587524414,
    "complex_iplddt": 0.937393307685852,
    "complex_pde": 0.3309951722621918,
    "complex_ipde": 0.43547436594963074,
    "chains_ptm": {
        "0": 0.9875812530517578,
        "1": 0.9308531284332275
    },
    "pair_chains_iptm": {
        "0": {
            "0": 0.9875812530517578,
            "1": 0.9062508344650269
        },
        "1": {
            "0": 0.9480999708175659,
            "1": 0.9308531284332275
        }
    }
}