{
    "confidence_score": 0.9456782341003418,
    "ptm": 0.9715437889099121,
    "iptm": 0.9371020197868347,
    "ligand_iptm": 0.9371020197868347,
    "protein_iptm": 0.0,
    "complex_plddt": 0.9478223323822021,
    "complex_iplddt": 0.9027687907218933,
    "complex_pde": 0.3517649471759796,
    "complex_ipde": 0.4783419966697693,
    "chains_ptm": {
        "0": 0.9867865443229675,
        "1": 0.9201939105987549
    },
    "pair_chains_iptm": {
        "0": {
            "0": 0.9867865443229675,
            "1": 0.8977096080780029
        },
        "1": {
            "0": 0.9371020197868347,
            "1": 0.9201939105987549
        }
    }
}