{
    "confidence_score": 0.9584091305732727,
    "ptm": 0.9735938310623169,
    "iptm": 0.9443032145500183,
    "ligand_iptm": 0.9443032145500183,
    "protein_iptm": 0.0,
    "complex_plddt": 0.9619356393814087,
    "complex_iplddt": 0.9324276447296143,
    "complex_pde": 0.3372129797935486,
    "complex_ipde": 0.45362910628318787,
    "chains_ptm": {
        "0": 0.986534833908081,
        "1": 0.927673876285553
    },
    "pair_chains_iptm": {
        "0": {
            "0": 0.986534833908081,
            "1": 0.9000318646430969
        },
        "1": {
            "0": 0.9443032145500183,
            "1": 0.927673876285553
        }
    }
}