{
    "confidence_score": 0.9568586349487305,
    "ptm": 0.9728907346725464,
    "iptm": 0.943141758441925,
    "ligand_iptm": 0.943141758441925,
    "protein_iptm": 0.0,
    "complex_plddt": 0.9602878093719482,
    "complex_iplddt": 0.9276996850967407,
    "complex_pde": 0.33946719765663147,
    "complex_ipde": 0.4665297567844391,
    "chains_ptm": {
        "0": 0.9862512946128845,
        "1": 0.9285722374916077
    },
    "pair_chains_iptm": {
        "0": {
            "0": 0.9862512946128845,
            "1": 0.9034919142723083
        },
        "1": {
            "0": 0.943141758441925,
            "1": 0.9285722374916077
        }
    }
}