{
    "confidence_score": 0.9528676867485046,
    "ptm": 0.9731272459030151,
    "iptm": 0.944176971912384,
    "ligand_iptm": 0.944176971912384,
    "protein_iptm": 0.0,
    "complex_plddt": 0.9550403356552124,
    "complex_iplddt": 0.915190577507019,
    "complex_pde": 0.33542436361312866,
    "complex_ipde": 0.4479439854621887,
    "chains_ptm": {
        "0": 0.9863691926002502,
        "1": 0.9281513094902039
    },
    "pair_chains_iptm": {
        "0": {
            "0": 0.9863691926002502,
            "1": 0.9068257808685303
        },
        "1": {
            "0": 0.944176971912384,
            "1": 0.9281513094902039
        }
    }
}