{
    "confidence_score": 0.957663357257843,
    "ptm": 0.9738625884056091,
    "iptm": 0.9447354078292847,
    "ligand_iptm": 0.9447354078292847,
    "protein_iptm": 0.0,
    "complex_plddt": 0.9608953595161438,
    "complex_iplddt": 0.9301964640617371,
    "complex_pde": 0.3365989923477173,
    "complex_ipde": 0.44826003909111023,
    "chains_ptm": {
        "0": 0.9872384071350098,
        "1": 0.9289968013763428
    },
    "pair_chains_iptm": {
        "0": {
            "0": 0.9872384071350098,
            "1": 0.9093096852302551
        },
        "1": {
            "0": 0.9447354078292847,
            "1": 0.9289968013763428
        }
    }
}