{
    "confidence_score": 0.9526388049125671,
    "ptm": 0.970928966999054,
    "iptm": 0.9388107061386108,
    "ligand_iptm": 0.9388107061386108,
    "protein_iptm": 0.0,
    "complex_plddt": 0.956095814704895,
    "complex_iplddt": 0.9181032776832581,
    "complex_pde": 0.34497514367103577,
    "complex_ipde": 0.47143855690956116,
    "chains_ptm": {
        "0": 0.985595703125,
        "1": 0.9226561188697815
    },
    "pair_chains_iptm": {
        "0": {
            "0": 0.985595703125,
            "1": 0.9010502696037292
        },
        "1": {
            "0": 0.9388107061386108,
            "1": 0.9226561188697815
        }
    }
}