{
    "confidence_score": 0.9545162320137024,
    "ptm": 0.9717548489570618,
    "iptm": 0.9396758675575256,
    "ligand_iptm": 0.9396758675575256,
    "protein_iptm": 0.0,
    "complex_plddt": 0.9582263231277466,
    "complex_iplddt": 0.9230071902275085,
    "complex_pde": 0.3426218330860138,
    "complex_ipde": 0.4694961607456207,
    "chains_ptm": {
        "0": 0.9862726926803589,
        "1": 0.9247903823852539
    },
    "pair_chains_iptm": {
        "0": {
            "0": 0.9862726926803589,
            "1": 0.9034086465835571
        },
        "1": {
            "0": 0.9396758675575256,
            "1": 0.9247903823852539
        }
    }
}