{
    "confidence_score": 0.9542420506477356,
    "ptm": 0.9703137278556824,
    "iptm": 0.9371823668479919,
    "ligand_iptm": 0.9371823668479919,
    "protein_iptm": 0.0,
    "complex_plddt": 0.9585069417953491,
    "complex_iplddt": 0.9235220551490784,
    "complex_pde": 0.3469105064868927,
    "complex_ipde": 0.47899118065834045,
    "chains_ptm": {
        "0": 0.9854555130004883,
        "1": 0.9206015467643738
    },
    "pair_chains_iptm": {
        "0": {
            "0": 0.9854555130004883,
            "1": 0.8988497853279114
        },
        "1": {
            "0": 0.9371823668479919,
            "1": 0.9206015467643738
        }
    }
}