{
    "confidence_score": 0.9579247832298279,
    "ptm": 0.9726237654685974,
    "iptm": 0.9419363141059875,
    "ligand_iptm": 0.9419363141059875,
    "protein_iptm": 0.0,
    "complex_plddt": 0.9619218111038208,
    "complex_iplddt": 0.9312793612480164,
    "complex_pde": 0.3399774432182312,
    "complex_ipde": 0.4617995619773865,
    "chains_ptm": {
        "0": 0.9864766001701355,
        "1": 0.9275003671646118
    },
    "pair_chains_iptm": {
        "0": {
            "0": 0.9864766001701355,
            "1": 0.9053317904472351
        },
        "1": {
            "0": 0.9419363141059875,
            "1": 0.9275003671646118
        }
    }
}