{
    "confidence_score": 0.9574325680732727,
    "ptm": 0.9683171510696411,
    "iptm": 0.9324623942375183,
    "ligand_iptm": 0.9324623942375183,
    "protein_iptm": 0.0,
    "complex_plddt": 0.9636750817298889,
    "complex_iplddt": 0.9360712766647339,
    "complex_pde": 0.3584044575691223,
    "complex_ipde": 0.5058608651161194,
    "chains_ptm": {
        "0": 0.9845021367073059,
        "1": 0.9172114729881287
    },
    "pair_chains_iptm": {
        "0": {
            "0": 0.9845021367073059,
            "1": 0.8959062695503235
        },
        "1": {
            "0": 0.9324623942375183,
            "1": 0.9172114729881287
        }
    }
}