{
    "confidence_score": 0.9584802985191345,
    "ptm": 0.9730908274650574,
    "iptm": 0.944362998008728,
    "ligand_iptm": 0.944362998008728,
    "protein_iptm": 0.0,
    "complex_plddt": 0.962009608745575,
    "complex_iplddt": 0.9325590133666992,
    "complex_pde": 0.3339533507823944,
    "complex_ipde": 0.44755110144615173,
    "chains_ptm": {
        "0": 0.9862771034240723,
        "1": 0.9279181957244873
    },
    "pair_chains_iptm": {
        "0": {
            "0": 0.9862771034240723,
            "1": 0.9051327109336853
        },
        "1": {
            "0": 0.944362998008728,
            "1": 0.9279181957244873
        }
    }
}