{
    "confidence_score": 0.9549610018730164,
    "ptm": 0.9727017879486084,
    "iptm": 0.9403131604194641,
    "ligand_iptm": 0.9403131604194641,
    "protein_iptm": 0.0,
    "complex_plddt": 0.9586229920387268,
    "complex_iplddt": 0.9241459369659424,
    "complex_pde": 0.34026017785072327,
    "complex_ipde": 0.46135589480400085,
    "chains_ptm": {
        "0": 0.9873287081718445,
        "1": 0.9248871803283691
    },
    "pair_chains_iptm": {
        "0": {
            "0": 0.9873287081718445,
            "1": 0.9082119464874268
        },
        "1": {
            "0": 0.9403131604194641,
            "1": 0.9248871803283691
        }
    }
}