{
    "confidence_score": 0.9528650641441345,
    "ptm": 0.9713121652603149,
    "iptm": 0.9387807846069336,
    "ligand_iptm": 0.9387807846069336,
    "protein_iptm": 0.0,
    "complex_plddt": 0.9563860893249512,
    "complex_iplddt": 0.9182012677192688,
    "complex_pde": 0.343940794467926,
    "complex_ipde": 0.4793250858783722,
    "chains_ptm": {
        "0": 0.9862706661224365,
        "1": 0.9233952164649963
    },
    "pair_chains_iptm": {
        "0": {
            "0": 0.9862706661224365,
            "1": 0.9037991166114807
        },
        "1": {
            "0": 0.9387807846069336,
            "1": 0.9233952164649963
        }
    }
}