{
    "confidence_score": 0.9468084573745728,
    "ptm": 0.9715389013290405,
    "iptm": 0.937746524810791,
    "ligand_iptm": 0.937746524810791,
    "protein_iptm": 0.0,
    "complex_plddt": 0.949073851108551,
    "complex_iplddt": 0.9034554958343506,
    "complex_pde": 0.3477199375629425,
    "complex_ipde": 0.4699940085411072,
    "chains_ptm": {
        "0": 0.9869913458824158,
        "1": 0.9217225313186646
    },
    "pair_chains_iptm": {
        "0": {
            "0": 0.9869913458824158,
            "1": 0.9063133597373962
        },
        "1": {
            "0": 0.937746524810791,
            "1": 0.9217225313186646
        }
    }
}