{
    "confidence_score": 0.9561983346939087,
    "ptm": 0.9732153415679932,
    "iptm": 0.944583535194397,
    "ligand_iptm": 0.944583535194397,
    "protein_iptm": 0.0,
    "complex_plddt": 0.9591019749641418,
    "complex_iplddt": 0.9250370264053345,
    "complex_pde": 0.33482590317726135,
    "complex_ipde": 0.4511044919490814,
    "chains_ptm": {
        "0": 0.9862828850746155,
        "1": 0.929089367389679
    },
    "pair_chains_iptm": {
        "0": {
            "0": 0.9862828850746155,
            "1": 0.9078783988952637
        },
        "1": {
            "0": 0.944583535194397,
            "1": 0.929089367389679
        }
    }
}