{
    "confidence_score": 0.9546777606010437,
    "ptm": 0.9713947772979736,
    "iptm": 0.9377646446228027,
    "ligand_iptm": 0.9377646446228027,
    "protein_iptm": 0.0,
    "complex_plddt": 0.9589061141014099,
    "complex_iplddt": 0.9245221614837646,
    "complex_pde": 0.34842899441719055,
    "complex_ipde": 0.4693215787410736,
    "chains_ptm": {
        "0": 0.9867920279502869,
        "1": 0.9217358827590942
    },
    "pair_chains_iptm": {
        "0": {
            "0": 0.9867920279502869,
            "1": 0.9080454111099243
        },
        "1": {
            "0": 0.9377646446228027,
            "1": 0.9217358827590942
        }
    }
}