{
    "confidence_score": 0.954921543598175,
    "ptm": 0.9718019962310791,
    "iptm": 0.940872073173523,
    "ligand_iptm": 0.940872073173523,
    "protein_iptm": 0.0,
    "complex_plddt": 0.9584338665008545,
    "complex_iplddt": 0.9236527681350708,
    "complex_pde": 0.3408891558647156,
    "complex_ipde": 0.4598698616027832,
    "chains_ptm": {
        "0": 0.9858487844467163,
        "1": 0.9254783987998962
    },
    "pair_chains_iptm": {
        "0": {
            "0": 0.9858487844467163,
            "1": 0.902691662311554
        },
        "1": {
            "0": 0.940872073173523,
            "1": 0.9254783987998962
        }
    }
}