{
    "confidence_score": 0.956224262714386,
    "ptm": 0.9705894589424133,
    "iptm": 0.9375893473625183,
    "ligand_iptm": 0.9375893473625183,
    "protein_iptm": 0.0,
    "complex_plddt": 0.9608829617500305,
    "complex_iplddt": 0.9292868971824646,
    "complex_pde": 0.34664997458457947,
    "complex_ipde": 0.4846879541873932,
    "chains_ptm": {
        "0": 0.9853941202163696,
        "1": 0.9231451749801636
    },
    "pair_chains_iptm": {
        "0": {
            "0": 0.9853941202163696,
            "1": 0.9003759026527405
        },
        "1": {
            "0": 0.9375893473625183,
            "1": 0.9231451749801636
        }
    }
}