{
    "confidence_score": 0.9567875266075134,
    "ptm": 0.9722726345062256,
    "iptm": 0.9410284161567688,
    "ligand_iptm": 0.9410284161567688,
    "protein_iptm": 0.0,
    "complex_plddt": 0.9607272744178772,
    "complex_iplddt": 0.9286103844642639,
    "complex_pde": 0.3407803475856781,
    "complex_ipde": 0.4589424431324005,
    "chains_ptm": {
        "0": 0.9863330721855164,
        "1": 0.9257718324661255
    },
    "pair_chains_iptm": {
        "0": {
            "0": 0.9863330721855164,
            "1": 0.9050393104553223
        },
        "1": {
            "0": 0.9410284161567688,
            "1": 0.9257718324661255
        }
    }
}