{
    "confidence_score": 0.9558737874031067,
    "ptm": 0.9690188765525818,
    "iptm": 0.9337088465690613,
    "ligand_iptm": 0.9337088465690613,
    "protein_iptm": 0.0,
    "complex_plddt": 0.9614149928092957,
    "complex_iplddt": 0.9306674003601074,
    "complex_pde": 0.3532390594482422,
    "complex_ipde": 0.4913570284843445,
    "chains_ptm": {
        "0": 0.9850626587867737,
        "1": 0.9175542593002319
    },
    "pair_chains_iptm": {
        "0": {
            "0": 0.9850626587867737,
            "1": 0.8971207737922668
        },
        "1": {
            "0": 0.9337088465690613,
            "1": 0.9175542593002319
        }
    }
}