{
    "confidence_score": 0.953341007232666,
    "ptm": 0.9727639555931091,
    "iptm": 0.940902829170227,
    "ligand_iptm": 0.940902829170227,
    "protein_iptm": 0.0,
    "complex_plddt": 0.9564505219459534,
    "complex_iplddt": 0.9187509417533875,
    "complex_pde": 0.33890268206596375,
    "complex_ipde": 0.45587605237960815,
    "chains_ptm": {
        "0": 0.9873678088188171,
        "1": 0.9244394302368164
    },
    "pair_chains_iptm": {
        "0": {
            "0": 0.9873678088188171,
            "1": 0.9080148935317993
        },
        "1": {
            "0": 0.940902829170227,
            "1": 0.9244394302368164
        }
    }
}