{
    "confidence_score": 0.960446834564209,
    "ptm": 0.9733547568321228,
    "iptm": 0.9442211985588074,
    "ligand_iptm": 0.9442211985588074,
    "protein_iptm": 0.0,
    "complex_plddt": 0.9645032286643982,
    "complex_iplddt": 0.9384956359863281,
    "complex_pde": 0.33781078457832336,
    "complex_ipde": 0.4563846290111542,
    "chains_ptm": {
        "0": 0.9864651560783386,
        "1": 0.9289502501487732
    },
    "pair_chains_iptm": {
        "0": {
            "0": 0.9864651560783386,
            "1": 0.9043177366256714
        },
        "1": {
            "0": 0.9442211985588074,
            "1": 0.9289502501487732
        }
    }
}