{
    "confidence_score": 0.9578124284744263,
    "ptm": 0.9741600751876831,
    "iptm": 0.9457103610038757,
    "ligand_iptm": 0.9457103610038757,
    "protein_iptm": 0.0,
    "complex_plddt": 0.9608379602432251,
    "complex_iplddt": 0.9297822117805481,
    "complex_pde": 0.33168667554855347,
    "complex_ipde": 0.432161808013916,
    "chains_ptm": {
        "0": 0.9868679642677307,
        "1": 0.9254398345947266
    },
    "pair_chains_iptm": {
        "0": {
            "0": 0.9868679642677307,
            "1": 0.8972071409225464
        },
        "1": {
            "0": 0.9457103610038757,
            "1": 0.9254398345947266
        }
    }
}