{
    "confidence_score": 0.9500309824943542,
    "ptm": 0.9730361700057983,
    "iptm": 0.9432100057601929,
    "ligand_iptm": 0.9432100057601929,
    "protein_iptm": 0.0,
    "complex_plddt": 0.9517362713813782,
    "complex_iplddt": 0.9097376465797424,
    "complex_pde": 0.34111881256103516,
    "complex_ipde": 0.44998469948768616,
    "chains_ptm": {
        "0": 0.9869110584259033,
        "1": 0.9272867441177368
    },
    "pair_chains_iptm": {
        "0": {
            "0": 0.9869110584259033,
            "1": 0.9087170362472534
        },
        "1": {
            "0": 0.9432100057601929,
            "1": 0.9272867441177368
        }
    }
}