{
    "confidence_score": 0.9541980028152466,
    "ptm": 0.9708067178726196,
    "iptm": 0.938449501991272,
    "ligand_iptm": 0.938449501991272,
    "protein_iptm": 0.0,
    "complex_plddt": 0.9581350684165955,
    "complex_iplddt": 0.9222421050071716,
    "complex_pde": 0.34749382734298706,
    "complex_ipde": 0.4782480001449585,
    "chains_ptm": {
        "0": 0.9855783581733704,
        "1": 0.9234492778778076
    },
    "pair_chains_iptm": {
        "0": {
            "0": 0.9855783581733704,
            "1": 0.8998737931251526
        },
        "1": {
            "0": 0.938449501991272,
            "1": 0.9234492778778076
        }
    }
}