{
    "confidence_score": 0.9572412371635437,
    "ptm": 0.970494270324707,
    "iptm": 0.9357377290725708,
    "ligand_iptm": 0.9357377290725708,
    "protein_iptm": 0.0,
    "complex_plddt": 0.9626170992851257,
    "complex_iplddt": 0.934234082698822,
    "complex_pde": 0.34834572672843933,
    "complex_ipde": 0.4792111814022064,
    "chains_ptm": {
        "0": 0.9860875606536865,
        "1": 0.9201728105545044
    },
    "pair_chains_iptm": {
        "0": {
            "0": 0.9860875606536865,
            "1": 0.9041820764541626
        },
        "1": {
            "0": 0.9357377290725708,
            "1": 0.9201728105545044
        }
    }
}