{
    "confidence_score": 0.9520899057388306,
    "ptm": 0.9706583619117737,
    "iptm": 0.9372565746307373,
    "ligand_iptm": 0.9372565746307373,
    "protein_iptm": 0.0,
    "complex_plddt": 0.9557982683181763,
    "complex_iplddt": 0.9168059825897217,
    "complex_pde": 0.34696125984191895,
    "complex_ipde": 0.482217013835907,
    "chains_ptm": {
        "0": 0.9859563112258911,
        "1": 0.9221495389938354
    },
    "pair_chains_iptm": {
        "0": {
            "0": 0.9859563112258911,
            "1": 0.9050906896591187
        },
        "1": {
            "0": 0.9372565746307373,
            "1": 0.9221495389938354
        }
    }
}