{
    "confidence_score": 0.865651547908783,
    "ptm": 0.8567208647727966,
    "iptm": 0.9783051013946533,
    "ligand_iptm": 0.9783051013946533,
    "protein_iptm": 0.0,
    "complex_plddt": 0.837488055229187,
    "complex_iplddt": 0.8891968131065369,
    "complex_pde": 0.8810826539993286,
    "complex_ipde": 0.6019734144210815,
    "chains_ptm": {
        "0": 0.8454912900924683,
        "1": 0.9599402546882629
    },
    "pair_chains_iptm": {
        "0": {
            "0": 0.8454912900924683,
            "1": 0.6965405941009521
        },
        "1": {
            "0": 0.9783051013946533,
            "1": 0.9599402546882629
        }
    }
}