{
    "confidence_score": 0.8848642706871033,
    "ptm": 0.876227617263794,
    "iptm": 0.8084921836853027,
    "ligand_iptm": 0.9123257398605347,
    "protein_iptm": 0.7433657646179199,
    "complex_plddt": 0.903957188129425,
    "complex_iplddt": 0.8230511546134949,
    "complex_pde": 0.4830969274044037,
    "complex_ipde": 0.9792448282241821,
    "chains_ptm": {
        "0": 0.9884397387504578,
        "1": 0.9779632687568665,
        "2": 0.9763189554214478,
        "3": 0.0,
        "4": 0.9285718202590942
    },
    "pair_chains_iptm": {
        "0": {
            "0": 0.9884397387504578,
            "1": 0.7395946383476257,
            "2": 0.6659538745880127,
            "3": 0.0,
            "4": 0.8750330209732056
        },
        "1": {
            "0": 0.7433657646179199,
            "1": 0.9779632687568665,
            "2": 0.8744049072265625,
            "3": 0.0,
            "4": 0.6693506836891174
        },
        "2": {
            "0": 0.841505229473114,
            "1": 0.9864418506622314,
            "2": 0.9763189554214478,
            "3": 0.0,
            "4": 0.7691161036491394
        },
        "3": {
            "0": 0.8525914549827576,
            "1": 0.9910712242126465,
            "2": 0.9611242413520813,
            "3": 0.0,
            "4": 0.817967414855957
        },
        "4": {
            "0": 0.9441883563995361,
            "1": 0.8722317218780518,
            "2": 0.8090692758560181,
            "3": 0.0,
            "4": 0.9285718202590942
        }
    }
}