{
    "confidence_score": 0.8526812791824341,
    "ptm": 0.9112205505371094,
    "iptm": 0.9765998125076294,
    "ligand_iptm": 0.9765998125076294,
    "protein_iptm": 0.0,
    "complex_plddt": 0.8217016458511353,
    "complex_iplddt": 0.861396074295044,
    "complex_pde": 0.6400556564331055,
    "complex_ipde": 0.5435305833816528,
    "chains_ptm": {
        "0": 0.9055525064468384,
        "1": 0.9572597146034241
    },
    "pair_chains_iptm": {
        "0": {
            "0": 0.9055525064468384,
            "1": 0.7633066177368164
        },
        "1": {
            "0": 0.9765998125076294,
            "1": 0.9572597146034241
        }
    }
}