{
    "confidence_score": 0.9115787744522095,
    "ptm": 0.8698087334632874,
    "iptm": 0.7987232804298401,
    "ligand_iptm": 0.9105894565582275,
    "protein_iptm": 0.7335111498832703,
    "complex_plddt": 0.9397926330566406,
    "complex_iplddt": 0.9015949368476868,
    "complex_pde": 0.4715220332145691,
    "complex_ipde": 0.9338418245315552,
    "chains_ptm": {
        "0": 0.9875708222389221,
        "1": 0.978691577911377,
        "2": 0.974292516708374,
        "3": 0.0,
        "4": 0.9350788593292236
    },
    "pair_chains_iptm": {
        "0": {
            "0": 0.9875708222389221,
            "1": 0.7260494232177734,
            "2": 0.6637412905693054,
            "3": 0.0,
            "4": 0.8919919729232788
        },
        "1": {
            "0": 0.7335111498832703,
            "1": 0.978691577911377,
            "2": 0.9054415822029114,
            "3": 0.0,
            "4": 0.6825678944587708
        },
        "2": {
            "0": 0.8182584643363953,
            "1": 0.9861581325531006,
            "2": 0.974292516708374,
            "3": 0.0,
            "4": 0.7732740044593811
        },
        "3": {
            "0": 0.8403080105781555,
            "1": 0.9903547763824463,
            "2": 0.9562837481498718,
            "3": 0.0,
            "4": 0.8122174143791199
        },
        "4": {
            "0": 0.9480001330375671,
            "1": 0.8768594861030579,
            "2": 0.8207104802131653,
            "3": 0.0,
            "4": 0.9350788593292236
        }
    }
}