{
    "confidence_score": 0.7207820415496826,
    "ptm": 0.7532603144645691,
    "iptm": 0.0,
    "ligand_iptm": 0.0,
    "protein_iptm": 0.0,
    "complex_plddt": 0.7126624584197998,
    "complex_iplddt": 0.7126624584197998,
    "complex_pde": 0.49281787872314453,
    "complex_ipde": 0.0,
    "chains_ptm": {
        "0": 0.7532603144645691
    },
    "pair_chains_iptm": {
        "0": {
            "0": 0.7532603144645691
        }
    }
}