{
    "confidence_score": 0.7298629283905029,
    "ptm": 0.7215335965156555,
    "iptm": 0.0,
    "ligand_iptm": 0.0,
    "protein_iptm": 0.0,
    "complex_plddt": 0.731945276260376,
    "complex_iplddt": 0.731945276260376,
    "complex_pde": 0.6179943084716797,
    "complex_ipde": 0.0,
    "chains_ptm": {
        "0": 0.7215335965156555
    },
    "pair_chains_iptm": {
        "0": {
            "0": 0.7215335965156555
        }
    }
}