{
    "confidence_score": 0.7162513136863708,
    "ptm": 0.7511299848556519,
    "iptm": 0.0,
    "ligand_iptm": 0.0,
    "protein_iptm": 0.0,
    "complex_plddt": 0.7075315713882446,
    "complex_iplddt": 0.7075315713882446,
    "complex_pde": 0.49457526206970215,
    "complex_ipde": 0.0,
    "chains_ptm": {
        "0": 0.7511299848556519
    },
    "pair_chains_iptm": {
        "0": {
            "0": 0.7511299848556519
        }
    }
}