{
    "confidence_score": 0.7175008058547974,
    "ptm": 0.7397816777229309,
    "iptm": 0.0,
    "ligand_iptm": 0.0,
    "protein_iptm": 0.0,
    "complex_plddt": 0.7119305729866028,
    "complex_iplddt": 0.7119306325912476,
    "complex_pde": 0.510799765586853,
    "complex_ipde": 0.0,
    "chains_ptm": {
        "0": 0.7397816777229309
    },
    "pair_chains_iptm": {
        "0": {
            "0": 0.7397816777229309
        }
    }
}