{
    "confidence_score": 0.7169264554977417,
    "ptm": 0.7445587515830994,
    "iptm": 0.0,
    "ligand_iptm": 0.0,
    "protein_iptm": 0.0,
    "complex_plddt": 0.7100183367729187,
    "complex_iplddt": 0.7100183963775635,
    "complex_pde": 0.5152908563613892,
    "complex_ipde": 0.0,
    "chains_ptm": {
        "0": 0.7445587515830994
    },
    "pair_chains_iptm": {
        "0": {
            "0": 0.7445587515830994
        }
    }
}