{
    "confidence_score": 0.7129236459732056,
    "ptm": 0.7446625828742981,
    "iptm": 0.0,
    "ligand_iptm": 0.0,
    "protein_iptm": 0.0,
    "complex_plddt": 0.7049888968467712,
    "complex_iplddt": 0.7049888968467712,
    "complex_pde": 0.5292162299156189,
    "complex_ipde": 0.0,
    "chains_ptm": {
        "0": 0.7446625828742981
    },
    "pair_chains_iptm": {
        "0": {
            "0": 0.7446625828742981
        }
    }
}