{
    "confidence_score": 0.7208560109138489,
    "ptm": 0.7129297256469727,
    "iptm": 0.0,
    "ligand_iptm": 0.0,
    "protein_iptm": 0.0,
    "complex_plddt": 0.7228375673294067,
    "complex_iplddt": 0.7228376269340515,
    "complex_pde": 0.6585771441459656,
    "complex_ipde": 0.0,
    "chains_ptm": {
        "0": 0.7129297256469727
    },
    "pair_chains_iptm": {
        "0": {
            "0": 0.7129297256469727
        }
    }
}