{
    "confidence_score": 0.7164419293403625,
    "ptm": 0.7518023252487183,
    "iptm": 0.0,
    "ligand_iptm": 0.0,
    "protein_iptm": 0.0,
    "complex_plddt": 0.70760178565979,
    "complex_iplddt": 0.70760178565979,
    "complex_pde": 0.49124234914779663,
    "complex_ipde": 0.0,
    "chains_ptm": {
        "0": 0.7518023252487183
    },
    "pair_chains_iptm": {
        "0": {
            "0": 0.7518023252487183
        }
    }
}