{
    "confidence_score": 0.7181169390678406,
    "ptm": 0.7482131719589233,
    "iptm": 0.0,
    "ligand_iptm": 0.0,
    "protein_iptm": 0.0,
    "complex_plddt": 0.7105928659439087,
    "complex_iplddt": 0.7105928659439087,
    "complex_pde": 0.506001353263855,
    "complex_ipde": 0.0,
    "chains_ptm": {
        "0": 0.7482131719589233
    },
    "pair_chains_iptm": {
        "0": {
            "0": 0.7482131719589233
        }
    }
}