{
    "confidence_score": 0.7181445360183716,
    "ptm": 0.7301146984100342,
    "iptm": 0.0,
    "ligand_iptm": 0.0,
    "protein_iptm": 0.0,
    "complex_plddt": 0.7151519656181335,
    "complex_iplddt": 0.7151519060134888,
    "complex_pde": 0.5424419641494751,
    "complex_ipde": 0.0,
    "chains_ptm": {
        "0": 0.7301146984100342
    },
    "pair_chains_iptm": {
        "0": {
            "0": 0.7301146984100342
        }
    }
}