{
    "confidence_score": 0.7098109126091003,
    "ptm": 0.7409752607345581,
    "iptm": 0.0,
    "ligand_iptm": 0.0,
    "protein_iptm": 0.0,
    "complex_plddt": 0.7020198106765747,
    "complex_iplddt": 0.7020198702812195,
    "complex_pde": 0.5140461921691895,
    "complex_ipde": 0.0,
    "chains_ptm": {
        "0": 0.7409752607345581
    },
    "pair_chains_iptm": {
        "0": {
            "0": 0.7409752607345581
        }
    }
}