{
    "confidence_score": 0.7132632732391357,
    "ptm": 0.7430512309074402,
    "iptm": 0.0,
    "ligand_iptm": 0.0,
    "protein_iptm": 0.0,
    "complex_plddt": 0.7058162689208984,
    "complex_iplddt": 0.705816388130188,
    "complex_pde": 0.5153633952140808,
    "complex_ipde": 0.0,
    "chains_ptm": {
        "0": 0.7430512309074402
    },
    "pair_chains_iptm": {
        "0": {
            "0": 0.7430512309074402
        }
    }
}