{
    "confidence_score": 0.7151278853416443,
    "ptm": 0.7509724497795105,
    "iptm": 0.0,
    "ligand_iptm": 0.0,
    "protein_iptm": 0.0,
    "complex_plddt": 0.706166684627533,
    "complex_iplddt": 0.7061667442321777,
    "complex_pde": 0.4864675998687744,
    "complex_ipde": 0.0,
    "chains_ptm": {
        "0": 0.7509724497795105
    },
    "pair_chains_iptm": {
        "0": {
            "0": 0.7509724497795105
        }
    }
}