{
    "confidence_score": 0.7157838940620422,
    "ptm": 0.7435199618339539,
    "iptm": 0.0,
    "ligand_iptm": 0.0,
    "protein_iptm": 0.0,
    "complex_plddt": 0.7088498473167419,
    "complex_iplddt": 0.7088499069213867,
    "complex_pde": 0.5015960931777954,
    "complex_ipde": 0.0,
    "chains_ptm": {
        "0": 0.7435199618339539
    },
    "pair_chains_iptm": {
        "0": {
            "0": 0.7435199618339539
        }
    }
}