{
    "confidence_score": 0.7171659469604492,
    "ptm": 0.7546135187149048,
    "iptm": 0.0,
    "ligand_iptm": 0.0,
    "protein_iptm": 0.0,
    "complex_plddt": 0.7078040838241577,
    "complex_iplddt": 0.7078039646148682,
    "complex_pde": 0.48199254274368286,
    "complex_ipde": 0.0,
    "chains_ptm": {
        "0": 0.7546135187149048
    },
    "pair_chains_iptm": {
        "0": {
            "0": 0.7546135187149048
        }
    }
}