{
    "confidence_score": 0.7154948115348816,
    "ptm": 0.7507187724113464,
    "iptm": 0.0,
    "ligand_iptm": 0.0,
    "protein_iptm": 0.0,
    "complex_plddt": 0.7066887617111206,
    "complex_iplddt": 0.7066887617111206,
    "complex_pde": 0.48559480905532837,
    "complex_ipde": 0.0,
    "chains_ptm": {
        "0": 0.7507187724113464
    },
    "pair_chains_iptm": {
        "0": {
            "0": 0.7507187724113464
        }
    }
}