{
    "confidence_score": 0.7137660980224609,
    "ptm": 0.748251736164093,
    "iptm": 0.0,
    "ligand_iptm": 0.0,
    "protein_iptm": 0.0,
    "complex_plddt": 0.7051447033882141,
    "complex_iplddt": 0.7051447033882141,
    "complex_pde": 0.5034109950065613,
    "complex_ipde": 0.0,
    "chains_ptm": {
        "0": 0.748251736164093
    },
    "pair_chains_iptm": {
        "0": {
            "0": 0.748251736164093
        }
    }
}