{
    "confidence_score": 0.7114254236221313,
    "ptm": 0.7409627437591553,
    "iptm": 0.0,
    "ligand_iptm": 0.0,
    "protein_iptm": 0.0,
    "complex_plddt": 0.704041063785553,
    "complex_iplddt": 0.7040410041809082,
    "complex_pde": 0.5544511675834656,
    "complex_ipde": 0.0,
    "chains_ptm": {
        "0": 0.7409627437591553
    },
    "pair_chains_iptm": {
        "0": {
            "0": 0.7409627437591553
        }
    }
}