{
    "confidence_score": 0.7152890563011169,
    "ptm": 0.7499759197235107,
    "iptm": 0.0,
    "ligand_iptm": 0.0,
    "protein_iptm": 0.0,
    "complex_plddt": 0.7066172957420349,
    "complex_iplddt": 0.7066172957420349,
    "complex_pde": 0.491983562707901,
    "complex_ipde": 0.0,
    "chains_ptm": {
        "0": 0.7499759197235107
    },
    "pair_chains_iptm": {
        "0": {
            "0": 0.7499759197235107
        }
    }
}