{
    "confidence_score": 0.7115036845207214,
    "ptm": 0.7515703439712524,
    "iptm": 0.0,
    "ligand_iptm": 0.0,
    "protein_iptm": 0.0,
    "complex_plddt": 0.7014870643615723,
    "complex_iplddt": 0.7014870643615723,
    "complex_pde": 0.492432177066803,
    "complex_ipde": 0.0,
    "chains_ptm": {
        "0": 0.7515703439712524
    },
    "pair_chains_iptm": {
        "0": {
            "0": 0.7515703439712524
        }
    }
}