{
    "confidence_score": 0.7208006978034973,
    "ptm": 0.7565191984176636,
    "iptm": 0.0,
    "ligand_iptm": 0.0,
    "protein_iptm": 0.0,
    "complex_plddt": 0.7118710279464722,
    "complex_iplddt": 0.7118710279464722,
    "complex_pde": 0.4887370765209198,
    "complex_ipde": 0.0,
    "chains_ptm": {
        "0": 0.7565191984176636
    },
    "pair_chains_iptm": {
        "0": {
            "0": 0.7565191984176636
        }
    }
}