{
    "confidence_score": 0.7150027751922607,
    "ptm": 0.7442092299461365,
    "iptm": 0.0,
    "ligand_iptm": 0.0,
    "protein_iptm": 0.0,
    "complex_plddt": 0.7077011466026306,
    "complex_iplddt": 0.7077011466026306,
    "complex_pde": 0.5100038647651672,
    "complex_ipde": 0.0,
    "chains_ptm": {
        "0": 0.7442092299461365
    },
    "pair_chains_iptm": {
        "0": {
            "0": 0.7442092299461365
        }
    }
}