{
    "confidence_score": 0.7190105319023132,
    "ptm": 0.758836030960083,
    "iptm": 0.0,
    "ligand_iptm": 0.0,
    "protein_iptm": 0.0,
    "complex_plddt": 0.7090541124343872,
    "complex_iplddt": 0.7090541124343872,
    "complex_pde": 0.4805651903152466,
    "complex_ipde": 0.0,
    "chains_ptm": {
        "0": 0.758836030960083
    },
    "pair_chains_iptm": {
        "0": {
            "0": 0.758836030960083
        }
    }
}