{
    "confidence_score": 0.7179738283157349,
    "ptm": 0.7525729537010193,
    "iptm": 0.0,
    "ligand_iptm": 0.0,
    "protein_iptm": 0.0,
    "complex_plddt": 0.7093240022659302,
    "complex_iplddt": 0.7093240022659302,
    "complex_pde": 0.4889220595359802,
    "complex_ipde": 0.0,
    "chains_ptm": {
        "0": 0.7525729537010193
    },
    "pair_chains_iptm": {
        "0": {
            "0": 0.7525729537010193
        }
    }
}