{
    "confidence_score": 0.7202879190444946,
    "ptm": 0.75892174243927,
    "iptm": 0.0,
    "ligand_iptm": 0.0,
    "protein_iptm": 0.0,
    "complex_plddt": 0.7106294631958008,
    "complex_iplddt": 0.710629403591156,
    "complex_pde": 0.4821683168411255,
    "complex_ipde": 0.0,
    "chains_ptm": {
        "0": 0.75892174243927
    },
    "pair_chains_iptm": {
        "0": {
            "0": 0.75892174243927
        }
    }
}