{
    "confidence_score": 0.7090893387794495,
    "ptm": 0.7233200073242188,
    "iptm": 0.0,
    "ligand_iptm": 0.0,
    "protein_iptm": 0.0,
    "complex_plddt": 0.705531656742096,
    "complex_iplddt": 0.7055315971374512,
    "complex_pde": 0.59521484375,
    "complex_ipde": 0.0,
    "chains_ptm": {
        "0": 0.7233200073242188
    },
    "pair_chains_iptm": {
        "0": {
            "0": 0.7233200073242188
        }
    }
}