{
    "confidence_score": 0.717930257320404,
    "ptm": 0.7468125820159912,
    "iptm": 0.0,
    "ligand_iptm": 0.0,
    "protein_iptm": 0.0,
    "complex_plddt": 0.7107096910476685,
    "complex_iplddt": 0.7107096910476685,
    "complex_pde": 0.4997408092021942,
    "complex_ipde": 0.0,
    "chains_ptm": {
        "0": 0.7468125820159912
    },
    "pair_chains_iptm": {
        "0": {
            "0": 0.7468125820159912
        }
    }
}