{
    "confidence_score": 0.7243797183036804,
    "ptm": 0.7279114723205566,
    "iptm": 0.0,
    "ligand_iptm": 0.0,
    "protein_iptm": 0.0,
    "complex_plddt": 0.7234967947006226,
    "complex_iplddt": 0.7234967947006226,
    "complex_pde": 0.5749141573905945,
    "complex_ipde": 0.0,
    "chains_ptm": {
        "0": 0.7279114723205566
    },
    "pair_chains_iptm": {
        "0": {
            "0": 0.7279114723205566
        }
    }
}