{
    "confidence_score": 0.7171978950500488,
    "ptm": 0.741016149520874,
    "iptm": 0.0,
    "ligand_iptm": 0.0,
    "protein_iptm": 0.0,
    "complex_plddt": 0.7112433314323425,
    "complex_iplddt": 0.7112433314323425,
    "complex_pde": 0.5250129103660583,
    "complex_ipde": 0.0,
    "chains_ptm": {
        "0": 0.741016149520874
    },
    "pair_chains_iptm": {
        "0": {
            "0": 0.741016149520874
        }
    }
}