{
    "confidence_score": 0.7145262956619263,
    "ptm": 0.7380119562149048,
    "iptm": 0.0,
    "ligand_iptm": 0.0,
    "protein_iptm": 0.0,
    "complex_plddt": 0.7086548209190369,
    "complex_iplddt": 0.7086547613143921,
    "complex_pde": 0.5313012599945068,
    "complex_ipde": 0.0,
    "chains_ptm": {
        "0": 0.7380119562149048
    },
    "pair_chains_iptm": {
        "0": {
            "0": 0.7380119562149048
        }
    }
}