{
    "confidence_score": 0.7172223329544067,
    "ptm": 0.7476454973220825,
    "iptm": 0.0,
    "ligand_iptm": 0.0,
    "protein_iptm": 0.0,
    "complex_plddt": 0.7096165418624878,
    "complex_iplddt": 0.7096165418624878,
    "complex_pde": 0.4919743835926056,
    "complex_ipde": 0.0,
    "chains_ptm": {
        "0": 0.7476454973220825
    },
    "pair_chains_iptm": {
        "0": {
            "0": 0.7476454973220825
        }
    }
}