{
    "confidence_score": 0.7154111862182617,
    "ptm": 0.7392001748085022,
    "iptm": 0.0,
    "ligand_iptm": 0.0,
    "protein_iptm": 0.0,
    "complex_plddt": 0.7094639539718628,
    "complex_iplddt": 0.7094639539718628,
    "complex_pde": 0.5016340613365173,
    "complex_ipde": 0.0,
    "chains_ptm": {
        "0": 0.7392001748085022
    },
    "pair_chains_iptm": {
        "0": {
            "0": 0.7392001748085022
        }
    }
}