{
    "confidence_score": 0.7163712978363037,
    "ptm": 0.7478882670402527,
    "iptm": 0.0,
    "ligand_iptm": 0.0,
    "protein_iptm": 0.0,
    "complex_plddt": 0.7084920406341553,
    "complex_iplddt": 0.7084921002388,
    "complex_pde": 0.49591511487960815,
    "complex_ipde": 0.0,
    "chains_ptm": {
        "0": 0.7478882670402527
    },
    "pair_chains_iptm": {
        "0": {
            "0": 0.7478882670402527
        }
    }
}